WardName,model_1,model_2,model_3,model_4,model_5,model_6,model_7,model_8,model_9,model_10,model_11,model_12,model_13,model_14,model_15,model_16,model_17,model_18,model_19,model_20,model_21,model_22,model_23,model_24,model_25,model_26
Adahe,0.3809190067238068,0.32965787704291316,0.4476419892903802,0.025018655716436175,0.660539572333884,0.7785236845813511,0.3559003510074071,0.7272625549004574,0.30463922132651344,0.42262333357398046,0.4570388187002014,0.5356948935318461,0.25394600448255,0.501520807077917,0.21977191802862092,0.2984279928602656,0.7221086039385641,0.4403597148892682,0.5190157897209129,0.4848417032669838,0.5540907808121321,0.34277911402516015,0.40177117014889363,0.37614060530844684,0.5415814529539322,0.443272624649713
Adono,0.566550760779508,0.8190840243543492,0.6414554831213349,0.46917576449793347,0.44728325613800246,0.2696547149049881,0.09737499628158669,0.5221879784798295,0.349908259856428,0.17227971862341368,0.6109726804239531,0.492553652935277,0.3777005071863427,0.6609091619851711,0.5460560162362369,0.4276369887475607,0.4130419831742733,0.298188837425339,0.1797698099366628,0.348125318986557,0.5443693696296686,0.45822951031796794,0.3694152397014608,0.49568187148888143,0.30978148738070804,0.4354954957037374
Agwata,0.40571563552421863,0.2999694065882052,0.26180764976692134,0.04455150217535714,0.616582037761761,0.5784202809404771,0.3611641333489129,0.47267405200446366,0.25541790441289947,0.21725614759161566,0.4407556932913949,0.4153145220772057,0.27047709034949624,0.3448170361198634,0.19997960439215393,0.1745384331779647,0.5558921235689006,0.4110546918411912,0.38561352062700194,0.3151160346696596,0.43919484376434115,0.33056676996855905,0.31148589155791717,0.25861277708991043,0.41691909267668836,0.35135587501148324
Akari,0.36709142535229855,0.5529456188131892,0.48425157516826783,0.19721401779243283,0.525609008580652,0.45691496493573064,0.16987740755989564,0.6427691583966212,0.3557316010207862,0.28703755737586495,0.48188201758204646,0.4360859884854323,0.24472761690154235,0.559988784126026,0.3686304125421361,0.3228343834455219,0.5417643773043346,0.3504060057204446,0.30460997662383044,0.42851277226442414,0.5049302918744598,0.36141151318654235,0.3270644913640817,0.419991588094527,0.4063232829782584,0.4039442334995738
Allawa,0.43088755324808026,0.7168604507031082,0.6834785140095909,0.2825719641333605,0.582604075684493,0.5492221389909757,0.14831558911474532,0.8351950364460037,0.43428848656977326,0.4009065498762559,0.5767840265452272,0.5545294020828823,0.287258368832062,0.7451780003862343,0.477906967135414,0.45565234267306914,0.6556737503738241,0.38840271712300384,0.366148092660659,0.556796690964011,0.633041294847042,0.43258801990892676,0.4158970515621681,0.5588835002896821,0.4917553127803745,0.5064330358776388
Anaba/Ibelu West,0.45645171842717874,0.44423743969339563,0.33560958633355686,0.12517798346822748,0.6503331911841486,0.5417053378243099,0.3312737349589804,0.5294910590905267,0.31905945622519727,0.21043160286535856,0.517007449768241,0.4445888808616818,0.3043011456181289,0.4364460283724931,0.2961582931289401,0.22373972422238095,0.573843196032995,0.43355546078944207,0.36113689188288295,0.35299403939369417,0.49297138875885277,0.38775558732618803,0.3334416606462686,0.32733452127937707,0.43038239702475356,0.39437711100708805
Arewa,0.5540697976097259,0.47975526744374686,0.28015609052665674,0.23986644670913815,0.554092171635244,0.3544929947181539,0.3142033509006353,0.2801784645521748,0.23988882073465626,0.04028964381756615,0.5293057455629055,0.3962396276181788,0.3693798650731664,0.3466966075075262,0.31983684496251374,0.186770727017787,0.39625454363519097,0.36939478109017854,0.23632866314545176,0.18678564303479905,0.41712413108095037,0.39697930917219104,0.297179720713646,0.2600224556306565,0.2971909077264051,0.3336993048647698
Arewa/Yamma,0.3807766327297902,0.5874090836507069,0.2752392910228553,0.2526847782352145,0.46281615991009295,0.15064636728224134,0.12809185449460053,0.3572788182031581,0.3347243054155173,0.022554512787665678,0.47700062543019667,0.26888743034496226,0.2538510884865351,0.40664239762557336,0.3916060557671462,0.18349286068191184,0.32358044846516415,0.3085441066067369,0.10043091152150252,0.2381858788021137,0.3690277254664741,0.35775046907265373,0.20166557275872793,0.30498179821918625,0.24268533634887932,0.29522218037318426
Auna,0.43565591466634235,0.44477767659353457,0.38455207816777015,0.15865321753389236,0.5631271561921087,0.5029015577663443,0.2770026971324665,0.5120233196935365,0.2861244590596587,0.2258988606338943,0.48118691581732853,0.44103651686681894,0.2904372764442337,0.44711769148494707,0.2965184510623619,0.25636805211185226,0.5260173445506632,0.37541810412807797,0.3352677051775683,0.3413488797956965,0.47383961717993944,0.3608901868630005,0.3307773876501183,0.3353382686137144,0.3945130084130015,0.37907169374395483
Babana,0.5753601059723177,0.6405467796639563,0.5792681701735563,0.19978535496674582,0.8163361757028018,0.7550575662124016,0.3755747510055912,0.8202442399040404,0.4407614246972299,0.37948281520682975,0.677414353779692,0.6365619474527585,0.38357340398155154,0.680019729913851,0.427031186442644,0.3861787801157106,0.7972126606064146,0.5442241171352077,0.5033717108082741,0.5468294932693667,0.697802172938179,0.5080607653347737,0.47742146058957374,0.510014797435393,0.5979094954548158,0.558241738350547
Babanrami,0.5317245763708756,0.5493390222153074,0.49653472705667984,0.24934987316016496,0.5823638522658744,0.5295595571072469,0.282374703210732,0.5471740029516787,0.29998914905516383,0.24718485389653624,0.5544758169506858,0.5192729535116007,0.3544830509139241,0.5310159174078887,0.36622601481021205,0.33102315137112703,0.5530324707749333,0.3882425681772567,0.3530397047381717,0.3647826686344596,0.5394492896612771,0.4158568627130197,0.3894547151337059,0.3982619380559218,0.4147743530812053,0.431559431729026
Badegi,0.2432108313215275,0.5016046742544631,0.28103124768437193,0.1808129098543433,0.3831896858673236,0.16261625929723253,0.06239792146720388,0.4210101022301681,0.3207917644001394,0.10021833783004835,0.3760017304811047,0.2289527794343773,0.16214055421435822,0.40121534138966775,0.33440311616964863,0.18735416512292116,0.32227201579824144,0.25545979057822227,0.10841083953149493,0.28067340148678527,0.33211046677584777,0.28200129786083344,0.1717145845757879,0.30091150604225575,0.24170401184868598,0.2656883734206822
Bagama A,0.5013377069525733,0.6907657722599805,0.4172572566069702,0.41321121917782994,0.365681040857182,0.09217252520417163,0.08812648777503139,0.2816005905115789,0.2775545530824386,0.004046037429428258,0.5192615066899119,0.33692249625457166,0.3342251379684782,0.46320787312617645,0.460510514840083,0.2781715044047428,0.2464847188576442,0.24378736057155068,0.061448350136210424,0.18773372700781524,0.39146914873207606,0.38944613001750594,0.25269187219100075,0.34740590484470435,0.18486353914330514,0.31317531898571843
Bagama b,0.5114248587590726,0.7043400222042546,0.42734440841346955,0.42329837098420425,0.3691681389949567,0.09217252520417163,0.08812648777490639,0.2850876886493536,0.2810416512200883,0.0040460374293032585,0.5283110066527613,0.34364726412557123,0.3409499058393944,0.4722573730890259,0.4695600148028491,0.284896272275659,0.248809450949494,0.24611209266331713,0.061448350136127095,0.19005845909958172,0.39825627370421307,0.39623325498958045,0.2577354480941879,0.3541930298167789,0.18660708821212998,0.31860501896337806
Bakeko,0.15531271924835255,0.4106142474246255,0.32667649336190896,0.12299212982027245,0.3199427070324598,0.23600495296974328,0.03232058942810676,0.49130648114601627,0.2876221176043797,0.2036843635416632,0.295289891235146,0.23933138852666827,0.10354181283224394,0.4095324073108502,0.2737428316164259,0.2177843289079482,0.3490847137160731,0.21329513802164876,0.15733663531317107,0.3275376540973531,0.3233096001971844,0.22146741842636614,0.17949854139500787,0.30714930548314434,0.26181353528706147,0.25864768015775286
Bangajiya,0.2998261504911184,0.49899400688844436,0.45981477898783607,0.2226896476561157,0.35344086206735714,0.31426163416674885,0.07713650283502851,0.5134294905640748,0.2763043592323545,0.2371251313317462,0.3840870064823066,0.35796752121523445,0.19988410032742088,0.49074609214678505,0.33266267125897153,0.30654318599189934,0.3937106622660603,0.23562724137824673,0.20950775611117453,0.3422863270427252,0.4066278205275966,0.28806525486173645,0.26847564091143233,0.3680595691100953,0.2952829966995517,0.3253022564220825
Bangi,0.5223512266802991,0.5127173883573722,0.5169576383825633,0.20560453756747704,0.6238595399027627,0.6280997899279537,0.3167466891128674,0.6184659516050268,0.3071128507899405,0.31135310081513157,0.5529760516468113,0.5558028849969386,0.3482341511202145,0.5493803261149874,0.34181159223826324,0.3446384255883906,0.6234750938119143,0.4159063599351902,0.41873319328531755,0.4123106344033663,0.5704085891426629,0.41473203873511977,0.41685216374771533,0.4120352445862519,0.4676063203589471,0.4563268713141394
Bariki,0.2764060713807144,0.6339206985654441,0.26180233718597706,0.26006375879780885,0.3901992523505473,0.018080890971080253,0.016342312582912046,0.37559551815581,0.3738569397676418,0.0017385783881747451,0.433508674098902,0.18542976651259058,0.18427071425381178,0.4237728513024104,0.42261379904363156,0.17453489145732023,0.26129188715914586,0.26013283490036704,0.012053927314055682,0.2503970121038755,0.3260007947682622,0.3251315055741781,0.13907232488444457,0.3178296384768094,0.19596891536936104,0.26080063581461105
Baro,0.24938721598473595,0.57604170050499,0.5798013679929592,0.2139723113005477,0.39748429388866746,0.40124396137663665,0.035414904684225125,0.7278984458968908,0.36206938920447923,0.3658290566924484,0.40763773679279786,0.4101441817847773,0.16625814398983627,0.6279138381316134,0.38402780033667233,0.38653424532865177,0.5088755670540649,0.26498952925912395,0.2674959742511034,0.4852656305979395,0.4886428309408134,0.3057283025946076,0.3076081363385922,0.47093537859871926,0.3816566752905579,0.3909142647526581
Barwa,0.33837534301698824,0.538655227971396,0.21753455354820617,0.18336442282560214,0.5103017253375679,0.18918105091437812,0.1550109201917741,0.38946093586878594,0.3552908051461819,0.03417013072299205,0.4624440987753174,0.24836364915985754,0.22558356201145482,0.38188357246279603,0.3591034853143933,0.14502303569893346,0.3629812373735773,0.34020115022517455,0.12612070060971475,0.2596406239126533,0.3639181394428871,0.34683307408158504,0.18627273686999016,0.286412679347194,0.27223592803027996,0.29113451155438724
Bassa/Kukoki,0.43607596415028266,0.6464172691404095,0.6614145900055075,0.27289880727606813,0.5366956187385821,0.5516929396036802,0.1631771568742407,0.762034244593807,0.37351846186436755,0.38851578272946563,0.5397296173430913,0.5497278312531568,0.2907173094335305,0.6899553679132414,0.4309448460936151,0.4409430600036804,0.6168076009786897,0.35779707915906345,0.36779529306912884,0.5080228297292134,0.5990551043720448,0.4047972130073251,0.41229587343987417,0.5174665259349376,0.46260570073402385,0.4792440834976411
Batagi,0.2648103095852645,0.531805051716228,0.36002720937637517,0.20830093397857982,0.3800134933443561,0.20823565100450314,0.05650937560670782,0.47523039313546667,0.32350411773767135,0.15172627539781844,0.39220961821528294,0.27769105665538096,0.17654020639018406,0.45568755140935663,0.35453670114415975,0.2400181395842578,0.354493179161442,0.2533423288962451,0.13882376733634313,0.3168202620903188,0.37002035136036565,0.29415721366146796,0.2082682924915415,0.34176566355702326,0.2658698843710873,0.29601628108829714
Batako,0.31011384385436025,0.518455793607685,0.48858972014566165,0.19698686507572083,0.4345959073106158,0.40472983384859246,0.11312697877865162,0.6130717836019173,0.3214689285319764,0.29160285506995304,0.421055181590887,0.4011444659495382,0.20674256256957757,0.5400390991184213,0.34563719573846075,0.32572648009711186,0.4841325082537085,0.28973060487374797,0.269819889232399,0.40871452240128225,0.46159281372813876,0.3157913861931683,0.30085834946215667,0.40502932433881905,0.36309938119028445,0.36927425098251343
Batati,0.486944902656821,0.7756448733418557,0.5276432565601443,0.3417728210577934,0.5790441338831236,0.3310425171014122,0.14517208159906128,0.619742487786447,0.43387205228409603,0.1858704355023846,0.6138779699606002,0.44854355877279256,0.32462993510455856,0.641010205896149,0.5170965822279151,0.3517621710401075,0.5099430462569942,0.38602942258876033,0.22069501140095268,0.41316165852430925,0.553343695221634,0.46040847747045854,0.33640766907960284,0.48075765442212015,0.3824572846927541,0.4426749561773139
Beji,0.290862304744451,0.4464819207508306,0.35691246027362533,0.1679587960373448,0.4014266334206077,0.3118571729434024,0.12290350870712188,0.46747678894978195,0.27852312471350144,0.18895366423629617,0.3795902863052964,0.31987731265382624,0.19390820316297255,0.42362372332474596,0.2976546138338923,0.23794164018242212,0.39358686510459734,0.2676177556137437,0.2079047819622735,0.3116511926331932,0.37916954684711646,0.28469271472897617,0.2399079844903736,0.31771779249356336,0.2951901488284519,0.30333563747769626
Beni,0.5497597312473425,0.8332320474305901,0.7075292799504935,0.4669658926802815,0.44905999331740054,0.32335722583730403,0.082793838567092,0.6068295420205516,0.36626615475033963,0.2405633872702431,0.6106839239984444,0.5268820790117134,0.36650648749823866,0.7158636231338784,0.5554880316204037,0.47168618663367273,0.459748920391752,0.2993733288782774,0.21557148389154637,0.40455302801371146,0.5782946366339471,0.45801294299884104,0.39516155925879276,0.5368977173504166,0.3448116902938218,0.4626357093071639
Beri,0.5447545780762433,0.6240340838412544,0.557576944202413,0.2908141226475799,0.5871604166223519,0.5207032769835105,0.2539404554286773,0.5999827827485216,0.33321996119368846,0.26676282155484715,0.5853163595132832,0.5410115997540555,0.3631697187175002,0.5938646035973963,0.4160227225608409,0.37171796280161334,0.5692821587847946,0.39144027774823925,0.34713551798901165,0.3999885218323524,0.5723686804123824,0.43898726963496587,0.4057586998155452,0.44539845269805073,0.4269616190885995,0.4578949443299088
Birnin Maza,0.4407877242041228,0.6501981798650259,0.5088223994506348,0.3242073102119701,0.4425712836452319,0.30119550323084077,0.11658041399217602,0.5106059588917439,0.32599086965307916,0.18461508923868802,0.5111857292381269,0.41693520896186614,0.29385848280275634,0.5565421794024682,0.4334654532433584,0.33921493296709765,0.4181242485892722,0.29504752243016236,0.20079700215390162,0.34040397259450367,0.47569684154793335,0.38338929692860096,0.31270140672140545,0.417406634551857,0.31359318644196,0.3805574732383513
Bisanti,0.26845912487816503,0.4844265337203147,0.45345388527847436,0.1627506290430174,0.4273844005124682,0.39641175207062784,0.10570849583517092,0.6123791609127776,0.3216759046773206,0.29070325623548027,0.3934233530369826,0.37277492074242247,0.17897274991878445,0.5167531933038555,0.32295102248021756,0.30230259018565736,0.47872510449862454,0.28492293367498656,0.26427450138042635,0.4082527739418595,0.44041914289547124,0.2950675147777428,0.2795811905568227,0.3875648949778975,0.35904382837397425,0.35233531431638165
Bobi,0.4670990756693829,0.544531633081722,0.5639766807263169,0.24967055557539675,0.5122895976003368,0.5317346452449316,0.21742852009401148,0.6091672026572708,0.2948610775063506,0.3143061251509454,0.5079734354504806,0.5209368005468771,0.311399383779597,0.5725585054884365,0.36302108872115646,0.375984453817553,0.551063815167513,0.34152639840023297,0.35448976349662953,0.40611146843818896,0.5381331391633268,0.38098007658786676,0.39070260041016414,0.4294188791163337,0.41329786137564106,0.43050651133066653
Bokani,0.4697712357028804,0.6308664914006701,0.6631389314086602,0.2887857764202718,0.523066174263028,0.5553386142710182,0.18098545928262974,0.7164338699688078,0.3420807149804195,0.37435315498840954,0.5412346337888595,0.5627495937941862,0.3131808238019273,0.670146430926046,0.42057766093378707,0.44209262093911383,0.5982795528342847,0.3487107828420257,0.3702257428473525,0.4776225799792122,0.5931025528358441,0.4059259753416499,0.42206219534564493,0.5026098231945398,0.44870966462571876,0.47448204226867957
Boku,0.33106985240006015,0.568389377186694,0.39417516823257964,0.23490175292765658,0.4296557237314794,0.25544151477736504,0.09616809947244197,0.4927610395639989,0.33348762425907585,0.15927341530496147,0.44303831777274455,0.3268955118033349,0.22071323493338624,0.4851085283277576,0.37892625145780884,0.2627834454883992,0.3926194260242812,0.28643714915433244,0.17029434318492284,0.3285073597093454,0.41191544598202956,0.332278738329568,0.2451716338525108,0.3638313962458278,0.2944645695182205,0.3295323567856313
Bono,0.518934667624959,0.7549503049323898,0.6257652837236568,0.42158426555893525,0.43071644143950544,0.30153142023077245,0.09735040206605089,0.5375470575382033,0.33336603937348175,0.20418101816474873,0.5682004713322848,0.48207712385979606,0.345956445083315,0.6394208820647499,0.5033002032882689,0.41717685581578023,0.42326497306949373,0.2871442942930127,0.20102094682052404,0.3583647050254779,0.5282408625815812,0.42615035349922037,0.3615578428948538,0.4795656615485692,0.31744872980212707,0.4225926900652704
Bosso 1,0.28380587224564086,0.40799358186175916,0.18484049076125464,0.18081289710245654,0.33017365990249703,0.10702056880199246,0.10299297514319436,0.23120827841811079,0.2271806847593127,0.004027593658808142,0.3406577046699657,0.1918889772696293,0.18920391483043056,0.27468078368037485,0.2719957212411761,0.12322699384083978,0.22280083570753342,0.22011577326833467,0.07134704586799832,0.15413885227874388,0.25750707533187583,0.2554932785024768,0.14391673295222449,0.20601058776028364,0.16710062678065257,0.20600566026550265
Bosso 2 Central,0.33491663646628345,0.5105667648001035,0.30909044546674336,0.24637691686561422,0.3527295675351694,0.15125324820180913,0.08853971960068002,0.32690337653562923,0.2641898479345001,0.06271352860113989,0.39940432293385214,0.26508677671161196,0.22327775764419255,0.382186862267492,0.34037784320007264,0.20606029697783249,0.27696206409086926,0.23515304502344983,0.10083549880120968,0.21793558435708973,0.33091000650095637,0.2995532422003918,0.19881508253371166,0.2866401467006217,0.20772154806815463,0.2647280052007673
Boyi,0.5351382011040674,0.7870983573895662,0.4788443297502063,0.4470117133292201,0.42821313183527365,0.1199591041959136,0.08812648777492739,0.3719192604814125,0.34008664406042627,0.03183261642106624,0.5834832301096358,0.37798054501672906,0.3567588007360716,0.545953982540395,0.5247322382597375,0.3192295531668309,0.30669716550419995,0.28547542122354247,0.07997273613063574,0.2479461736543017,0.4535287307927399,0.4376124225822468,0.2834854087625668,0.4094654869053162,0.23002287412816996,0.3628229846342079
Bunsuru,0.38368385721878695,0.33977980169101935,0.43051523688874765,0.012618572784819768,0.6982265133401888,0.7889619485379171,0.3710652844339893,0.7450578930101496,0.3271612289062217,0.41789666410395,0.47389672408333167,0.5343870142151506,0.25578923814586535,0.5051176438633055,0.22651986779402025,0.2870101579258391,0.7440821182960852,0.46548434222679985,0.5259746323586187,0.49670526200677373,0.5643708751144683,0.35542254306250426,0.4007902606613684,0.37883823289748464,0.5580615887220695,0.45149670009157905
Bussa,0.5589097548747881,0.638399322238552,0.3317346538481954,0.28802681755976794,0.6212554419938319,0.3145907736034752,0.27088293731504776,0.39408034096723915,0.3503725046788117,0.0437078362884551,0.606188173035724,0.4017450607754863,0.37260650324986794,0.4547381056846622,0.42559954815904383,0.22115643589880615,0.4433088521881821,0.4141702946625638,0.20972718240232602,0.26272022731150196,0.47649504792101366,0.4546411297767999,0.3013087955816216,0.34105357926350355,0.3324816391411435,0.3811960383368164
Central,0.5549121490601803,0.5144341803997478,0.2442706627705211,0.2407087981596128,0.5879287331407905,0.31776521551156384,0.31420335090065554,0.27728724685113126,0.27372538224022297,0.003561864610996335,0.5524250208669061,0.3723160091140884,0.3699414327068162,0.34533069667380006,0.34295612026652783,0.16284710851371006,0.39432706516782856,0.39195248876055633,0.21184347700773856,0.1848581645674502,0.41609969795565577,0.4143187656502016,0.2792370068355883,0.258998022505372,0.2957452988758934,0.3328797583645422
Chachanga,0.3045667477857961,0.5168688267568021,0.2451639282276662,0.19815969429957206,0.4251161859435154,0.15341128741437948,0.10640705348628533,0.36571336638538543,0.3187091324572913,0.047004233928155406,0.4155172534953712,0.23438065447594725,0.2030444985238845,0.37591537378995127,0.34457921783788853,0.16344261881846456,0.3147469465810934,0.2834107906290307,0.10227419160960675,0.2438089109236107,0.3351400570855908,0.3116379401215437,0.17578549085697576,0.2819365303424788,0.2360602099358354,0.2681120456684849
Chenian,0.3077346931353864,0.5411319035681903,0.2628308034350275,0.257113863389201,0.334638869925201,0.05633776979203818,0.050620829746211626,0.2897349802248421,0.2840180401790156,0.005716940045852808,0.39450182220959257,0.2089677554541507,0.20515646209026636,0.36456589574268666,0.36075460237880225,0.17522053562336046,0.2269038733140271,0.22309257995014276,0.037558513194700875,0.19315665348323685,0.29873483668011425,0.29587636665720096,0.1567258165906196,0.27342442180702153,0.1701779049855269,0.23898786934409663
Chimbi,0.5186700578755605,0.7798755921142686,0.6381597354458958,0.426863844367532,0.44481796125478046,0.30310210458640774,0.09180621350804391,0.5643076388251157,0.35301174774675187,0.21129589107837912,0.5811212037482032,0.486643965969288,0.34578003858371215,0.6607809887950934,0.5199170614095175,0.4254398236306023,0.43740923488876793,0.2965453075031921,0.20206806972427693,0.3762050925500822,0.5414888483503382,0.43584090281115623,0.3649829744769698,0.49558574159632385,0.3280569261665798,0.43319107868027357
Cikin Gari,0.44081180060511316,0.5383138508853776,0.5457382043160044,0.23556376484029495,0.5079981218099212,0.515422475240548,0.20524803576483855,0.6129245255208124,0.302750086045103,0.3101744394757297,0.4957079244334707,0.5006574933872218,0.2938745337367489,0.5656588602407314,0.3588759005902585,0.3638254695440097,0.5454483741904271,0.3386654145399542,0.3436149834937054,0.40861635034721505,0.5268681630629628,0.3717809433251081,0.3754931200404214,0.42424414518055364,0.40908628064282543,0.4214945304503743
Dabban,0.5362292138187891,0.804438844579921,0.6783687717728341,0.368713126602292,0.6032418051941509,0.477171732387064,0.1675160872165219,0.7453813631481959,0.43572571797765386,0.30965564517056693,0.6479699545309536,0.563923239326229,0.3574861425458677,0.7427296598336502,0.536292563053289,0.4522458478485643,0.6085983002431369,0.40216120346277556,0.31811448825805094,0.49692090876547224,0.6408052884834925,0.48597746589822144,0.422942429494678,0.5570472448752439,0.4564487251823589,0.512644230786799
Dandaudu,0.43013494336362396,0.692696872885949,0.5296478831219925,0.3491858891861905,0.42446003787722575,0.26141104811326926,0.08094905417746723,0.5239729776355944,0.34351098369979227,0.18046199393583578,0.5157639513755995,0.40706462486629524,0.28675662890909387,0.582105911214512,0.4617979152573106,0.35309858874800626,0.40328135454202974,0.2829733585848284,0.17427403207552408,0.3493153184237408,0.47705396049960913,0.3868229635317081,0.30529846864972987,0.43657943341089245,0.30246101590653074,0.38164316839969403
Dangunu,0.40701324742768846,0.7318440887701936,0.5983725848502883,0.3640273557554939,0.41080262468691486,0.2773311207670096,0.04298589167221523,0.6021619621095147,0.3678167330147203,0.23434522909481503,0.5165533202949323,0.4275723176816621,0.2713421649517992,0.6441262119099989,0.48789605918013595,0.39891505656686577,0.43009856918781303,0.2738684164579501,0.18488741384467997,0.40144130807301664,0.5045876047686015,0.38741499022120435,0.3206792382612517,0.4830946589325043,0.32257392689086495,0.40367008381488534
Danragi,0.3905431963295104,0.22714903500895334,0.25985329302697907,0.013272883963461348,0.5911464634115681,0.6238507214295939,0.3772703123660761,0.4604565601090368,0.21387615104551902,0.24658040906354478,0.4029462315833439,0.4247490702620278,0.2603621308863493,0.3158196293816564,0.1514326900059779,0.17323552868466174,0.5584845816500662,0.39409764227438776,0.4159004809530716,0.3069710400727002,0.4254998782192736,0.3022096736875147,0.3185618026965276,0.2368647220362491,0.41886343623755645,0.3403999025754243
Dassun,0.48960396122238536,0.753443309675006,0.7184380176243544,0.34260185406014354,0.5578435627771205,0.522838270726469,0.14700210716225817,0.7866776191790896,0.41084145561487867,0.3758361635642272,0.6002969445581706,0.5769600831910696,0.32640264081492903,0.7528529821594834,0.5022955397833427,0.4789586784162418,0.6224531508942265,0.37189570851808584,0.34855884715098484,0.5244517461193986,0.6381407902007374,0.45022270841863204,0.4327200623933063,0.5646397366196166,0.46683986317067394,0.5105126321605933
Daza,0.5132642939546426,0.7631580675166011,0.6677827850739372,0.4315920840820744,0.413238193307116,0.31786291086445206,0.08167220987258925,0.5677566844264106,0.3315659834345478,0.23619070099188388,0.5632201849261199,0.49963666329767725,0.3421761959697687,0.666232512338983,0.5087720450110744,0.4451885233826318,0.4329525961993262,0.27549212887141766,0.21190860724297508,0.37850445628428075,0.5405104891905266,0.4224151386945952,0.3747274974732632,0.4996743842542425,0.32471444714949993,0.4324083913524254
Diko,0.5851796553683212,0.7884490310898334,0.5092259623260299,0.4970531675934451,0.3795223512712871,0.1002992825074835,0.08812648777489868,0.3035686582289958,0.291395863496411,0.012172794732607425,0.5843836792431473,0.3982349667339449,0.390119770245555,0.5337478838816198,0.5256326873932299,0.3394839748840275,0.26113009733592213,0.25301490084753225,0.06686618833832987,0.20237910548600477,0.4443741567986585,0.4382877594323661,0.2986762250504643,0.40031091291122045,0.19584757300194727,0.3554993254389313
Dogon Kurumi,0.5658618574122175,0.8457215542926777,0.49610801850096997,0.4777353696373451,0.456112672430235,0.10649913663852721,0.0881264877749023,0.3863588335189874,0.36798618465536254,0.018372648863654754,0.6225653613783767,0.38948967085057157,0.3772412382748216,0.5760628021042117,0.5638143695284618,0.3307386790006566,0.3163235475292499,0.3040751149535,0.07099942442569475,0.2575725556793349,0.4761103454656025,0.46692402103379,0.29211725313793613,0.4320471015781662,0.23724266064694488,0.38088827637248795
Doko,0.28274913036742755,0.5946527133038724,0.36239854941762534,0.26640681778452774,0.34458820810226237,0.11233404421601537,0.016342312582917764,0.42423762715246016,0.32824589551936256,0.09599173163311558,0.40733001725785406,0.2524939080003561,0.1884994202449577,0.460429629957986,0.3964351422025876,0.24159903294508955,0.2937199598235793,0.22972547206818092,0.07488936281068291,0.28282508476831275,0.35349337875994385,0.30549751294339506,0.18937043100027157,0.345322222468494,0.22028996986768898,0.28279470300795867
Dokoza,0.28422289979784154,0.6328646829627143,0.27242413956617884,0.2678805872149368,0.38132640833069037,0.020885864934154865,0.01634231258291281,0.36952764809902766,0.3649840957477856,0.0045435523512501194,0.4328046636970821,0.19251096809939175,0.18948193319856374,0.4249388235426402,0.42190978864181217,0.18161609304412193,0.2572466404546243,0.2542176055537963,0.01392390995610593,0.24635176539935447,0.3268752739484346,0.32460349777281355,0.14438322607454585,0.31870411765698214,0.19293498034097026,0.26150021915874927
Dugge,0.40980103647623034,0.32576907797982724,0.35248810669697617,0.03211257267559034,0.6713449691049103,0.6980639978220592,0.3776884638006734,0.6140320393256561,0.2936565053042703,0.3203755340214192,0.4689716945203226,0.48678438033175525,0.2732006909841647,0.4307630746674865,0.21717938531989597,0.23499207113132858,0.6611470020842085,0.4475633127366179,0.46537599854805056,0.40935469288378185,0.5119165379009432,0.3517287708902503,0.36508828524882475,0.3230723060006232,0.4958602515631647,0.40953323032076117
Dukku,0.432608832251153,0.30691266326823613,0.4274130426838993,0.0003197283194299757,0.7388820388805488,0.859382418296212,0.4322891039317426,0.7336862493132951,0.3065929349488257,0.4270933143644889,0.4928011781333126,0.5731347644104213,0.28840588816744184,0.48933731842181016,0.2046084421788306,0.28494202845593936,0.7773169021633519,0.4925880259203724,0.5729216121974812,0.4891241662088699,0.583147540782224,0.3696008835999893,0.4298510733078209,0.3670029888163625,0.5829876766225188,0.46651803262578306
Duma/Zabo,0.3657473362782766,0.6655283331765971,0.5851103402426231,0.2878729189217181,0.45552983161144955,0.37511183867747555,0.07787441735657055,0.674892835575796,0.3776554142548911,0.2972374213209171,0.4956018336887744,0.44198983839945843,0.2438315575188551,0.6418438363316721,0.4436855554510688,0.3900735601617528,0.5018448352882404,0.3036865544076371,0.25007455911832105,0.44992855705053475,0.5203200859270363,0.37170137526658387,0.33149237879959687,0.4813828772487571,0.37638362646618334,0.4162560687416314
Dzwafu,0.17971536304350544,0.4499760759528546,0.3510600616562125,0.1473947736154242,0.334901891765536,0.23598587746889388,0.032320589428105596,0.506246590378243,0.3025813023374547,0.20366528804081266,0.32153111025396536,0.2555871007228706,0.11981024202901175,0.43576090932910344,0.2999840506352445,0.23404004110414978,0.35904478653755767,0.22326792784369875,0.15732391831260403,0.33749772691883684,0.34298097671087424,0.24114833269048008,0.19169032554215903,0.3268206819968337,0.26928358990317436,0.27438478136870426
Ebbo,0.27956502736764854,0.6343303884358598,0.5618210554373928,0.2513177170633031,0.4112599816769779,0.33875064867851107,0.028247310304421278,0.6935160097467222,0.38301267137263245,0.3105033383741656,0.4417184658268287,0.3933789104945175,0.18637668491179096,0.6298891512066583,0.4228869256239318,0.3745473702916205,0.48117554670073703,0.27417332111801057,0.22583376578569933,0.46234400649784013,0.4865405185571854,0.3312888493701405,0.2950341828709071,0.4724168634050127,0.36088166002557176,0.3892324148457635
Edo Kota,0.33153340327304875,0.5623861870087493,0.47981005161278834,0.24939548829975047,0.3951286136823213,0.3125524782863603,0.08213791497332243,0.5434052620220609,0.31299069870902296,0.23041456331306198,0.42968273465470647,0.3746319777240658,0.2210222688487072,0.5285338335478661,0.37492412467250763,0.3198733677418669,0.4170287846635808,0.2634190757882222,0.20836831885758156,0.36227017468138195,0.4374693326475548,0.3222620509910359,0.2809739832930554,0.39640037516090565,0.31277158849769165,0.34997546611804864
Edotsu,0.15364134602746765,0.46922900717450877,0.4579109960608819,0.12649598598237213,0.3698783812372644,0.35856037012363756,0.02714536004512779,0.6741480312706787,0.3427330211921689,0.33141501007854207,0.3309162448130803,0.3233709040706624,0.10242756401832252,0.5337626781686898,0.31281933811634993,0.30527399737393207,0.4675289275438603,0.24658558749152037,0.2390402467491025,0.44943202084712985,0.4138946886490732,0.24818718360981828,0.24252817805300486,0.4003220086265254,0.35064669565790324,0.331115750919265
Edozigi,0.3244805939700352,0.601248046541617,0.4413010783029876,0.27762803908703293,0.37047256233762726,0.21052559409899782,0.04685255488304315,0.4872930466705797,0.323620007454625,0.16367303921599557,0.4320670676164265,0.3254357554573402,0.21632039598003708,0.5099473905050614,0.4008320310277583,0.294200718868672,0.35609706770240157,0.24698170822509846,0.14035039606601218,0.3248620311137334,0.40588682032030743,0.3240503007123301,0.2440768165930154,0.38246054287880626,0.2670728007768114,0.32470945625625414
Egbako,0.467807923101181,0.6944042320464987,0.6613704955866905,0.3128101193141055,0.5365919165194932,0.503558180059685,0.15499780378710004,0.7301544890050027,0.3815941127324177,0.3485603762726095,0.5662680238890577,0.5442455329158521,0.3118719487341289,0.6953097388793973,0.46293615469767396,0.44091366372446844,0.5901015285280603,0.357727944346337,0.33570545337313146,0.4867696593366766,0.5989812060530919,0.4247010179167994,0.4081841496868952,0.5214823041595541,0.44257614639605136,0.4791849648424784
Egwa/Gwada,0.36555680968681303,0.6186343665395704,0.455438892983459,0.30047288518049414,0.38324540586540845,0.2200499323092971,0.06508392450633219,0.47312748916205444,0.31816148135908956,0.15496600780297817,0.45581219403059725,0.3470152116598564,0.24370453979121312,0.5157335828950279,0.4124229110263847,0.3036259286556438,0.35880760911225335,0.25549693724361006,0.14669995487286916,0.3154183261080407,0.4193421494244337,0.34185914552295127,0.2602614087448956,0.3868001871712743,0.2691057068341933,0.33547371953954963
Ekobadeggi,0.2690390527415776,0.526769331717441,0.45827515423101883,0.19456887451051413,0.4066706354380836,0.3381764579516615,0.07447017823115677,0.5959067369275248,0.3322004572070202,0.26370627972059807,0.40082633996570066,0.35516355497475266,0.17935936849441617,0.5269837409586616,0.3511795544783251,0.305516769487377,0.44691794343908997,0.27111375695875356,0.22545097196780547,0.3972711579517143,0.4324728948345512,0.3006197549742988,0.2663726662310878,0.3952378057190195,0.3351884575793408,0.3459783158676596
Ekossa,0.18467989462104384,0.43948464092234285,0.21222270373004157,0.15235930519296517,0.3194459251574859,0.09218398796518458,0.03232058942810818,0.34698873426648363,0.28712533572940724,0.05986339853710592,0.3145368202336242,0.16302886210542333,0.1231199297473724,0.332898692972956,0.29298976061490506,0.14148180248670422,0.25287288246305134,0.21296395010500044,0.061455991976799566,0.23132582284433226,0.2658343144437637,0.23590261517522554,0.12227164657907488,0.2496740197297244,0.1896546618472959,0.21266745155501687
Ekowugi,0.2088837248444101,0.473340125935615,0.21414820724361827,0.6765631354163166,0.3290975799473917,0.06990566125539502,0.5323205894280935,0.3343620623465999,0.7967769905192983,0.5375850718273016,0.33710714357580557,0.16431253111447444,0.4725891498962734,0.34061679850861104,0.64889341729041,0.47609880482907885,0.24445510118312885,0.5527317199649278,0.37993710750359666,0.5562413748977333,0.271622893595505,0.5028303576818542,0.3732343983358558,0.5054625988814583,0.43334132588734664,0.41729831487640395
Ekowuna,0.2088837248444101,0.48769624901504993,0.23395247499534005,0.17656313541635116,0.34345370302682665,0.08970992900711677,0.03232058942812789,0.3685224531777566,0.3111331135987677,0.05738933957905783,0.34667789229542895,0.17751537628228897,0.13925581656296304,0.36339039239604887,0.32513083267672294,0.15596831666358302,0.2672286950705667,0.22896913535124075,0.05980661933810083,0.24568163545186072,0.2887030890110834,0.2600084192215889,0.13313653221173397,0.27254279429705386,0.20042152130294225,0.23096247120888047
Enagi,0.43722301333000185,0.7113201787228105,0.5438017251186136,0.31747449377812,0.5135942044965793,0.3460757508923824,0.11974851955188888,0.6201729162851911,0.3938456849446975,0.2263272313405006,0.5540457988497972,0.44236682978033265,0.29148200888667025,0.6250982733755384,0.474213452481876,0.3625344834124114,0.4932809572247176,0.34239613633105526,0.2307171672615906,0.41344861085679646,0.5286979648075965,0.4155343491373497,0.33177512233525125,0.46882370503165555,0.36996071791853996,0.4229583718460786
Erena,0.30035543022458944,0.5538095481175205,0.6650566029932231,0.2507381623900467,0.3526886535620659,0.46393570843776855,0.049617267834592145,0.7173898263306996,0.3030713857275232,0.4143184406032258,0.4022845439680586,0.47644924721852705,0.2002369534830761,0.6454186591471477,0.3692063654116968,0.44337106866216525,0.5113380627768447,0.23512576904139373,0.3092904722918622,0.4782598842204829,0.5088726282776446,0.30171340797605634,0.35733693541390765,0.4840639943603732,0.3835035470826459,0.40709810262212553
Essa,0.20756342943771777,0.4590691305274163,0.3364510079409797,0.14516550797052943,0.3763015440240866,0.25368342143765,0.06239792146719971,0.5051891225273485,0.31390362255689824,0.19128549997046163,0.3476447013297402,0.26589928627211584,0.13837561962514897,0.43356975366524814,0.30604608701828134,0.22430067196065692,0.37839136266302836,0.2508676960160615,0.1691222809584371,0.3367927483515694,0.35637627598253313,0.260733525997308,0.1994244647040897,0.32517731524893895,0.2837935219972741,0.2851010207860288
Etsu-Audu,0.2999685458989809,0.5525669199679356,0.35110596681419043,0.2150691951610074,0.42239707554491046,0.22093612239116522,0.08489935073798222,0.4735344964601199,0.3374977248069369,0.1360367716531917,0.4249775138039424,0.2906702117014455,0.1999790305993235,0.4590691277474153,0.3683779466452933,0.2340706445427965,0.37228923146539855,0.2815980503632765,0.1472907482607797,0.3156896643067495,0.3867515211795505,0.31873313535295894,0.21800265877608632,0.34430184581056367,0.2792169235990511,0.3094012169436421
Etsugaie,0.2519263919270214,0.4551603238041927,0.3773567472549626,0.1566815020318949,0.39372371166744313,0.315920135118213,0.0952448898951453,0.5191540669953844,0.29847882177231666,0.2206752452230865,0.36693680913288573,0.31506775810006565,0.16795092795135388,0.45055704601817986,0.30344021586946807,0.25157116483664804,0.40959930459368016,0.26248247444496836,0.21061342341214828,0.34610271133026255,0.38554022946120287,0.275202606849669,0.23630081857505397,0.33791778451363963,0.30719947844526485,0.30843218356896607
Etsutasha,0.4652785017226677,0.742665841628986,0.6175292540669675,0.35401106233158575,0.4999222186884979,0.3747856311264794,0.11126743939109775,0.6521729710327976,0.38865477929741593,0.2635181917353974,0.5692888540133838,0.48586446230537145,0.3101856678151171,0.6707893555762503,0.4951105610859959,0.4116861693779836,0.508960273615925,0.3332814791256705,0.2498570874176582,0.43478198068853696,0.5587257363777326,0.4269666405100418,0.36439834672903254,0.5030920166821917,0.38172020521194766,0.4469805891021893
Fazhi,0.47782834908547156,0.7962521382405393,0.5667852374027597,0.3317412547048372,0.6105979779163622,0.38113107707858257,0.14608709438066006,0.6995548662336503,0.4645108835357278,0.23504398269794816,0.628226155080791,0.47524822118893795,0.31855223272365624,0.6875307472923163,0.5308347588270347,0.37785682493518163,0.5637613070761983,0.4070653186109166,0.2540873847190636,0.466369910822442,0.588691607659561,0.47116961631059967,0.35643616589170984,0.5156480604692437,0.42282098030715515,0.4709532861276539
Fogbe/Kusoyaba,0.32381539148705285,0.6075850954617701,0.44725828966550957,0.23594471188464694,0.4595110631795525,0.2991842573832919,0.08787067960242931,0.5829539613580093,0.37164038357714657,0.21131357778088605,0.4636371833761251,0.3567526461786181,0.21587692765804303,0.5459324488284296,0.40505673030785455,0.29817219311034754,0.4472164273069512,0.30634070878637615,0.19945617158886908,0.3886359742386807,0.453384676422531,0.3477278875320997,0.2675644846339695,0.4094493366213281,0.3354123204802193,0.3627077411380295
Fuka,0.4849482401461229,0.7500162200450479,0.7071644992139292,0.40327603027355463,0.4284123996440824,0.3855606788129638,0.08167220987258916,0.6506286587118888,0.3467401897715141,0.3038884689403955,0.5544589532784178,0.5258911393910054,0.3232988267640889,0.7026031259902886,0.5000108133633722,0.47144299947595975,0.4882005790563116,0.28560826642939524,0.2570404525419828,0.43375243914126616,0.5677884494290059,0.4158442149588185,0.39441835454325924,0.5269523444927217,0.3661504342922389,0.45423075954320885
Gaba,0.2604596838628048,0.6058525648272164,0.41776397302246526,0.23935537372271487,0.3876015012446181,0.199512909439867,0.021104310140116617,0.5449057904042786,0.36649719110452816,0.178408599299777,0.4179712499782131,0.29257885544171236,0.17363978924187876,0.5228407760846534,0.4039017098848198,0.2785093153483191,0.3773400670295879,0.2584010008297543,0.13300860629325353,0.3632705269361946,0.4026827371335417,0.3134784374836665,0.21943414158129093,0.3921305820634967,0.2830050502721976,0.32214618970683867
Gabas,0.5894952092645118,0.5774103723425736,0.33783924793131587,0.29286402720658705,0.5811775271939685,0.34160640278271076,0.29663118205798195,0.3295215658607725,0.2845463451360437,0.044975220724785984,0.5826943696003513,0.42298028665951287,0.39299680617636024,0.4149237287115541,0.38494024822840145,0.22522616528756298,0.41743516527915064,0.38745168479599806,0.22773760185515957,0.21968104390720075,0.4595083875626422,0.4370207772002777,0.3172352149946489,0.3111927965336798,0.31307637395937726,0.36760671005012513
Galkogo,0.32878608338070703,0.5362244778582432,0.694381918894341,0.28566244649043243,0.29368566825813147,0.45184310929422933,0.04312363689032071,0.6592815037717654,0.2505620313678568,0.4087194724039547,0.38623207649902724,0.4916703705230924,0.21919072225382005,0.6299626335081165,0.3574829852388442,0.4629212792629094,0.4682700937747087,0.19579044550543634,0.3012287395295016,0.4395210025145257,0.4940337935762362,0.289674057374282,0.36875277789233085,0.47247197513109895,0.3512025703310431,0.3952270348609982
Gallah,0.4048387434545752,0.27485048277120017,0.36625140009756607,2.943649886888628e-14,0.6796892262257754,0.7710901435521413,0.40483874345460463,0.6411018828687662,0.2748504827712296,0.3662514000975955,0.4531261508171836,0.5140600957014275,0.2698924956364031,0.42740125524584416,0.18323365518081972,0.24416760006506366,0.6972937508822277,0.45312615081720325,0.5140600957014472,0.42740125524586375,0.5229703131616708,0.3398446131129024,0.3855450717760854,0.32055094143439783,0.5229703131616855,0.4183762505293484
Garam,0.5723626414094508,0.7598291055729407,0.47985392970843627,0.4694975722667571,0.3931966024489077,0.11322142658440332,0.10286506914272416,0.30068789074789315,0.290331533306214,0.010356357441709612,0.575129449810433,0.3884793325674301,0.38157509427297737,0.5134569753430901,0.5065527370486372,0.31990261980563434,0.2690353065937347,0.26213106829928196,0.07548095105627903,0.2004585938319389,0.436525266078672,0.4313470873578324,0.2913594994255802,0.38509273150732515,0.20177647994530865,0.3492202128629437
Garatu,0.28842401750108326,0.4696279411610011,0.31656496897817454,0.17131722450908524,0.41541750964394075,0.26235453746111415,0.11710679299202488,0.443558461121032,0.2983107166519427,0.14524774446911612,0.39115648943534165,0.289114507980124,0.19228267833406446,0.40991712375340256,0.31308529410734304,0.2110433126521253,0.37377683607536233,0.2769450064293028,0.17490302497408505,0.2957056407473636,0.3659912393110576,0.29336736707651295,0.2168358809850997,0.30743784281505865,0.28033262705652845,0.29279299144885146
Gawu,0.4805910507032811,0.7183259983063179,0.4059892146426234,0.39043776066991565,0.4180415276697853,0.10570474400609074,0.090153290033383,0.34343969160912763,0.3278882376364199,0.01555145397272531,0.5389861922264615,0.3307616697839984,0.3203940338021933,0.48925163485268963,0.47888399887088445,0.2706594764284214,0.28906198776166786,0.27869435177986274,0.07046982933739969,0.22895979440609093,0.4120153711562044,0.40423964416985053,0.2480712523380032,0.3669387261395216,0.2167964908212553,0.329612296924967
Gazhe 1,0.3308162093603766,0.6089810747910364,0.4361523214877764,0.2864528808212188,0.3668915225090019,0.19406276920574195,0.04436332853918439,0.4722276346364017,0.3225281939698441,0.14969944066658414,0.4355629355534716,0.3203437666846316,0.22054413957359323,0.5057870103050714,0.4059873831940331,0.2907682143251931,0.3443939754503818,0.24459434833934346,0.1293751794705035,0.3148184230909433,0.4015219219983891,0.32667220166511035,0.24025782501348034,0.37934025772881025,0.25829548158779303,0.32121753759871663
Gazhe 2,0.38222037107538515,0.6072796005645527,0.43759615938239227,0.30485757389225215,0.379784823855438,0.2101013826732776,0.07736279718313756,0.43516061216244506,0.302422026672305,0.13273858549014467,0.45642826516512525,0.343305971043685,0.25481358071692495,0.4933454573697967,0.40485306704303664,0.2917307729215964,0.3416822728970536,0.2531898825702935,0.14006758844885328,0.2901070747749649,0.40869049161891513,0.3423211988738451,0.2574794782827649,0.3700090930273487,0.25626170467279136,0.32695239329513304
Gbadafu,0.34774225660357644,0.6349392994462395,0.37997136686204136,0.26679812203495074,0.44908531197995283,0.1941173793957546,0.08094413456866402,0.4813144222384177,0.3681411774113271,0.11317324482712891,0.4772556226765896,0.3072770009537908,0.23182817106906373,0.49874169618223285,0.4232928662975058,0.253314244574707,0.37483903787137507,0.299390207986648,0.1294115862638492,0.32087628149229125,0.4145283394209971,0.3579417170074518,0.23045775071535265,0.37405627213668424,0.2811292784035409,0.33162267153680536
Gbakogi,0.24544557887225293,0.6345099378794883,0.5209176779993825,0.22434126873217497,0.43127297928744196,0.3176807194073361,0.021104310140128604,0.7067450784145715,0.410168669147364,0.29657640926725815,0.43707616534639443,0.3613479920929905,0.16363038591485216,0.6207242314311474,0.4230066252530091,0.3472784519996052,0.48523292570311655,0.28751531952497816,0.21178714627157427,0.4711633856097312,0.47609532864341225,0.3278071240098085,0.27101099406975554,0.4655431735733732,0.3639246942773501,0.3808762629147399
Gbangban,0.4735226291274703,0.7373685829730277,0.5393945550882745,0.36225518973638854,0.48638083262773707,0.28840680474298386,0.11126743939109793,0.5522527585885413,0.3751133932366553,0.1771393653519021,0.565757348242745,0.4337746629862429,0.3156817527516523,0.6096719655499477,0.49157905531535717,0.3595963700588551,0.4423467986530874,0.3242538884184968,0.19227120316199464,0.3681685057256996,0.5128876938580058,0.4243180111820628,0.3253309972396862,0.4572539741624649,0.3317600989898196,0.41031015508640784
Gbara,0.4389136549640451,0.7486169572884016,0.6977533672745668,0.37163074954801323,0.44426911315647805,0.39340552314264315,0.0672829054160896,0.7031088254669997,0.37698620774044617,0.3261226177266113,0.543933241802975,0.5100241817937516,0.29260910330938267,0.7164930500099893,0.49907797152562033,0.4651689115163971,0.5135944872553736,0.2961794087710046,0.26227034876178135,0.46873921697801907,0.5710112402155224,0.40794993135224566,0.38251813634532816,0.5373697875075064,0.38519586544154466,0.4568089921724295
Gbeswa,0.5675035045301038,0.3954351311547667,0.4493140362849847,0.06932040986034269,0.8242978159642103,0.8781767210944282,0.4981830946697863,0.7061083477190911,0.3261147212944492,0.37999362642466716,0.595745483883027,0.6316647539698389,0.3783356696867442,0.5169525050529474,0.26362342076985285,0.29954269085666485,0.8028609615925766,0.5495318773094818,0.5854511473962939,0.4707388984794025,0.6368059261245975,0.4468091129122765,0.4737485654773855,0.3877143787897169,0.6021457211944388,0.5094447408996831
Genu,0.4296858988598069,0.39530231221061124,0.41156417521176697,0.09694617407537073,0.6310958629197043,0.64735772592086,0.33273972478446373,0.6129741392716643,0.29835613813526807,0.3146180011364238,0.4853613579967075,0.49620259999747796,0.28645726590654713,0.4732802088980142,0.2635348748070833,0.27437611680785384,0.6304759093707429,0.42073057527981206,0.4315718172805825,0.4086494261811187,0.5213300190657356,0.3640210184975375,0.37215194999811535,0.35496015667351755,0.47285693202806406,0.417064015252594
Gijiwa/Kato,0.3535047005210488,0.38929299583665256,0.24828152144739915,0.22118214324944457,0.3004334098588377,0.1594219354695843,0.13232255727162973,0.19521023078518807,0.1681108525872335,0.027099378197980053,0.3477437020721797,0.2537360524793441,0.2356698003473744,0.2775949160230799,0.25952866389111023,0.1655210142982746,0.21835519203787002,0.20028893990590033,0.1062812903130647,0.13014015385680053,0.2743574656531184,0.26080777655414117,0.19030203935951445,0.20819618701731632,0.1637663940284089,0.21948597252249985
Gini,0.4168020432998187,0.6911474102266499,0.5489915446325044,0.34849097792811456,0.410967497670278,0.2688116320761325,0.06831106537174261,0.5431569990029638,0.3426564322985739,0.2005005667044284,0.5063056503989155,0.41153507333615186,0.27786802886655865,0.594431984620706,0.46076494015111275,0.3659943630883491,0.4076453762497914,0.2739783317801982,0.17920775471743453,0.36210466600198865,0.4799795211513912,0.37972923779919626,0.3086513050021235,0.4458239884655391,0.3057340321873532,0.38398361692112065
Gogata,0.24648105377870544,0.4867747427476302,0.3746258180397881,0.15779374974235372,0.41766829704168695,0.3055193723338449,0.0886873040364105,0.5458130613027696,0.3289809930053353,0.21683206829749319,0.38364136452267417,0.3088754147174462,0.16432070251915656,0.469071207363396,0.32451649516510644,0.24975054535987837,0.42300024355943383,0.27844553136114425,0.20367958155591623,0.36387537420186605,0.39614705754073753,0.28773102339202034,0.23165656103809934,0.35180340552256173,0.3172501826695901,0.3169176460326018
Gonagi,0.4089737081467426,0.6673965716808419,0.5432178774627769,0.32404484358441993,0.4282805926587553,0.30410189844069035,0.08492886456233331,0.5625247619747897,0.3433517280964326,0.21917303387836773,0.50155029082878,0.4187644946834033,0.27264913876449864,0.5910464037061361,0.44493104778723147,0.36214525164185485,0.4316357510247451,0.28552039510584043,0.20273459896046378,0.3750165079831967,0.48574923506076617,0.37616271812158764,0.31407337101255517,0.4432848027796048,0.3237268132685615,0.38859938804861505
Gulbiboka,0.4966558695563713,0.4557997400412085,0.44907652991905433,0.1602560974740103,0.6319434146495828,0.6252202045274287,0.33639977208238464,0.584364075012266,0.2955436425672219,0.2888204324450677,0.5281330080823876,0.5236508680009515,0.33110391303758874,0.4964134483241763,0.30386649336081356,0.29938435327937746,0.6138425647297591,0.42129560976639646,0.41681346968496036,0.38957605000818524,0.5405099722843186,0.39609975606179665,0.39273815100071957,0.37231008624313816,0.46038192354732527,0.4324079778274596
Gulum/Vatsa,0.2986541109844102,0.647073171093103,0.5399559381359327,0.2526476943597119,0.4404318933581138,0.3333146604009433,0.04600641662472258,0.6817337205096362,0.3944254767334155,0.28730824377624503,0.46205305847854233,0.3906415698404287,0.19910274065628156,0.6229209432462239,0.43138211406207677,0.3599706254239632,0.48516009142289773,0.2936212622387506,0.22220977360063698,0.4544891470064322,0.4901939157470232,0.3465397938589128,0.2929811773803276,0.467190707434674,0.36387006856717935,0.3921551325976234
Guni,0.42817083606905243,0.6590726150163039,0.5919817954089657,0.3708645144636573,0.3455144221581162,0.278423602550778,0.05730632160546962,0.5093253814980294,0.28820810055272106,0.22111728094538294,0.47758595774782414,0.43285874467626534,0.28544722404605977,0.586793263974433,0.43938174334422747,0.39465453027266867,0.37775446873564117,0.23034294810543562,0.18561573503387685,0.3395502543320445,0.46874810878354095,0.35818946831088677,0.32464405850721767,0.4400949479808434,0.28331585155174954,0.3749984870268477
Gunna Central,0.38248214247868595,0.3739015537932913,0.5480666724327657,0.2139329756977193,0.32851774487656327,0.5026828635160376,0.16854916678099124,0.49410227483064306,0.15996857809559661,0.334133696735071,0.36163381371618014,0.47774389280916313,0.25498809498579883,0.47202350035223334,0.24926770252886907,0.365377781621852,0.44176762774108136,0.21901182991771703,0.3351219090107,0.3294015165537702,0.43829220865466445,0.2712253602871413,0.3583079196068785,0.3540176252641812,0.3313257208058172,0.3506337669237365
Gunna South,0.34948142335928467,0.5413700562310231,0.4403436058910746,0.19144505860640518,0.5079613623775205,0.40693491203757215,0.15803636475290272,0.5988235449093104,0.3499249976246411,0.2488985472846926,0.46627094732260943,0.39891998042931043,0.23298761557286418,0.526845735677136,0.36091337082068975,0.2935624039273908,0.5045732731081344,0.3386409082516881,0.2712899413583892,0.39921569660621464,0.47415248413429756,0.34970321049196285,0.2991899853219886,0.3951343017578578,0.37842995483110653,0.37932198730744265
Gupa,0.32897745539644385,0.8101951087292596,0.6068622485779716,0.3101951087292655,0.5187823466671843,0.3154494865158961,0.01878234666719005,0.796667139848712,0.5000000000000059,0.29666713984871773,0.5526516369309625,0.4170963968301038,0.21931830359763313,0.7379081657186477,0.540130072486177,0.4045748323853183,0.5436329910105974,0.3458548977781268,0.21029965767726796,0.5311114265658119,0.5628222976225778,0.41448872769822487,0.3128222976225808,0.5534311242889887,0.407724743257951,0.4502578380980646
Gurmana,0.3088972738002874,0.5149660048801592,0.35054586375898694,0.23143608826955933,0.3609911021414236,0.19657096102025134,0.07746118553082372,0.4026396921001231,0.2835299166106955,0.11910977548952327,0.3949514602739567,0.2853380328598419,0.20593151586689015,0.42271718691308974,0.34331066992013803,0.23369724250602317,0.3200672517539327,0.24066073476098093,0.13104730734686612,0.26842646140011395,0.35576848295020524,0.29621359520549145,0.21400352464490532,0.31703789018484124,0.24005043881547342,0.28461478636018334
Gussoro/Zumba,0.3540546801582817,0.511587974949932,0.47006772757918536,0.2807192470261767,0.3042041610558959,0.26268391368514926,0.07333543313214062,0.4202172084767996,0.23086872792379096,0.1893484805530443,0.3899489387213699,0.36226877380753875,0.23603645343886634,0.46729097033530564,0.34105864996663326,0.31337848505280214,0.3290350944059483,0.20280277403727584,0.1751226091234447,0.28014480565121164,0.3871359443175406,0.29246170404103633,0.271701580355663,0.35046822775148817,0.24677632080447012,0.30970875545403964
Guzan,0.39633435477053003,0.688748152387969,0.6540770170496966,0.30383942282902554,0.4774036615004777,0.4427325261622052,0.09249493194153424,0.7351463237796442,0.3849087295589732,0.3502375942207007,0.5208287228863256,0.4977146326608106,0.2642229031803633,0.69265716440577,0.45916543492532264,0.4360513446998076,0.5517608371474424,0.31826910766699507,0.29515501744148004,0.4900975491864394,0.5657403392750872,0.39062154216475165,0.3732859744956154,0.5194928733043349,0.4138206278605892,0.4525922714200757
Gwam,0.4504712061700645,0.6830375911967752,0.6373277376889435,0.35510332988327137,0.423302137600327,0.3775922840924951,0.09536787628682308,0.6101586691192059,0.32793426131353387,0.282224407805702,0.5189369783223889,0.48846374265050096,0.30031413744671964,0.6435079993349748,0.45535839413119344,0.42488515845930563,0.470351030270676,0.28220142506689466,0.25172818939500674,0.4067724460794806,0.5303149376446352,0.3892027337417992,0.3663478069878832,0.4826309995012386,0.3527632727030145,0.42425195011571415
Gwarijiko,0.3619831070226478,0.518385589436109,0.4376923479703275,0.21949702846276978,0.44137463953328704,0.3606813980675056,0.14248607855994783,0.5170838804809668,0.29888856097340905,0.21819531950762755,0.44058111199734795,0.38678561768682695,0.24132207134845515,0.4910539392958011,0.34559039295742927,0.2917948986469083,0.4397133060272531,0.2942497596888813,0.24045426537836034,0.34472258698733443,0.4395334937518073,0.3304358339980284,0.29008921326513765,0.36829045447186826,0.32978497952045727,0.35162679500145977
Hashimi A,0.5013377069525733,0.7426484839732849,0.4172572566069702,0.41321121917772996,0.4175637525704863,0.09217252520417163,0.08812648777493139,0.3334833022248832,0.32943726479564295,0.004046037429328258,0.5538499811654481,0.33692249625457166,0.3342251379684115,0.4977963476017127,0.4950989893155526,0.27817150440467614,0.28107319333318037,0.2783758350470202,0.061448350136143755,0.22232220148328483,0.41741050458872825,0.4153874858741081,0.25269187219095074,0.3733472607013065,0.2108048949999073,0.3339284036710002
Hashimi B,0.5013377069525733,0.7208150625988653,0.4172572566069702,0.41321121917770737,0.3957303311960667,0.09217252520417163,0.08812648777490878,0.31164988085046363,0.3076038434212008,0.004046037429305656,0.5392943669158351,0.33692249625457166,0.3342251379683965,0.48324073335209966,0.4805433750659245,0.2781715044046611,0.2665175790835673,0.2638202207973921,0.061448350136128684,0.2077665872336567,0.40649379390151846,0.40447077518688707,0.25269187219093947,0.3624305500140855,0.1998881843126862,0.32519503512122333
Ibbi,0.44850640530024977,0.5847118580542948,0.6887359793724439,0.27199761774952663,0.48922302785551075,0.59324714917366,0.1765087875507426,0.729452601927705,0.3127142403047876,0.41673836162293676,0.5074804304033518,0.5768298446154513,0.299004270200173,0.6676334797848146,0.3898079053695364,0.4591573195816358,0.6039742596522918,0.3261486852370136,0.3954980994491131,0.48630173461847653,0.5889795036139773,0.3806103228025187,0.4326223834615933,0.5007251098386158,0.45298069473922375,0.47118360289118577
Ibelu,0.48095925306767384,0.47986111984689905,0.28058385393318397,0.1677857007161753,0.6252489714822458,0.4259717055685307,0.31317355235152206,0.42487357234775597,0.3120754191307473,0.11279815321703218,0.5286897814656063,0.3958382708564628,0.32063950204512376,0.395106182042613,0.31990741323127386,0.18705590262213048,0.49203141646617743,0.41683264765483835,0.283981137045695,0.28324904823184516,0.4529164127077149,0.3965173360992106,0.296878703142353,0.29632963653196565,0.36902356234963896,0.36233313016617663
Igwama,0.49898597356150337,0.5934659388130517,0.559393216947526,0.27362734652211385,0.5451972193303535,0.5111244974648278,0.22535862703941573,0.605604462716376,0.31983859229096395,0.2857658704254383,0.5458830439016361,0.5231678959912857,0.33265731570767765,0.5861545394923179,0.3956439592087098,0.37292881129835936,0.5539753931705191,0.36346481288691107,0.3407496649765606,0.40373630847759273,0.5522952181389397,0.40941228292623366,0.3923759219934708,0.43961590461924493,0.4154815448778959,0.441836174511157
Ijagbari,0.5821424388974747,0.890095069211757,0.5342658944512033,0.49401595112260355,0.4842056058640569,0.12837643110350327,0.08812648777490353,0.4363290614177855,0.3960791180891857,0.040249943328632055,0.652147704657763,0.41492825481739376,0.388094959264994,0.6202300083602486,0.5933967128078488,0.3561772629674797,0.3496370327951152,0.3228037372427154,0.08558428740234629,0.2908860409452011,0.5092357501576301,0.4891107784933303,0.3111961911130534,0.4651725062701945,0.2622277745963445,0.40738860012611056
Ijakoro,0.5801450784681842,0.9138130305283519,0.5161033185126714,0.4920185906933041,0.5099209276099426,0.11221121559426202,0.08812648777489472,0.4458791676544298,0.4217944398350625,0.02408472781938198,0.6679596788688262,0.40281987085837256,0.38676338564546103,0.6252651722318178,0.6092086870189062,0.3440688790084525,0.3560037702862115,0.3399472850732999,0.07480747706284624,0.29725277843629144,0.513012123061307,0.5009697591516233,0.3021149031437831,0.46894887917386696,0.26700282771466227,0.4104096984490485
Iku,0.5580018345452621,0.7920060430857823,0.4815448525932176,0.46987534677040427,0.4102571840902949,0.09979599359773025,0.08812648777491691,0.3338002021382504,0.32213069631543706,0.011669505822872413,0.5867550205737797,0.3797808935787366,0.3720012230301944,0.5357836992724168,0.5280040287238745,0.32102990172883145,0.28128445994209184,0.2735047893935496,0.06653066239850652,0.22253346809218663,0.4459010183417562,0.44006626543034955,0.28483567018406725,0.40183777445432733,0.21096334495658364,0.35672081467341676
Iku 1/Iku South I,0.5462374928786823,0.7515644882415882,0.4632318827113666,0.4570976039745579,0.38360677317116754,0.09527416764094594,0.08913988890413722,0.30060116300385187,0.29446688426704315,0.0061342787368215725,0.5604695847638127,0.368247847743665,0.3641583285857925,0.5051325113189356,0.5010429921610631,0.30882125514091535,0.25982736793865513,0.25573784878078265,0.06351611176063492,0.20040077533590553,0.4234193279412671,0.4203521885728627,0.27618588580775194,0.3788493834892049,0.19487052595399457,0.3387354623530162
Iku 2/Iku South II,0.5070512029755986,0.662016975979204,0.4236339426550343,0.4189247152007286,0.3312187485533802,0.09283571522921051,0.08812648777490481,0.24780148823281595,0.24309226077851023,0.004709227454340572,0.5000956425027275,0.34117362028661447,0.3380341353170773,0.4444841356223514,0.44134465065281425,0.28242262843670113,0.22395198400513552,0.2208124990355984,0.06189047681948529,0.16520099215522224,0.37742634560420724,0.3750717318770544,0.25588021521496956,0.33336310171677225,0.16796398800386036,0.30194107648337276
Inkwai,0.3547945169028984,0.4328471496221117,0.33529041434136003,0.16154986337872349,0.4645419397676189,0.36698520448686733,0.19324465352423076,0.4450378372060806,0.271297286243444,0.1737405509626924,0.41739453543087635,0.35235671191037526,0.23652967793528423,0.4043918003898508,0.28856476641475975,0.22352694289425865,0.42552166048685564,0.30969462651176455,0.2446568029912635,0.296691891470739,0.3999161770544895,0.31304590157317125,0.26426753393279545,0.3032938502924021,0.3191412453651557,0.3199329416436028
Ishau,0.5973749962815805,0.8736788530557903,0.6828825801524105,0.5000000000000133,0.4710538493373708,0.28025757643399113,0.09737499628159386,0.5565614332082008,0.3736788530558036,0.18288258015242387,0.6473692328915805,0.5201717176226607,0.39824999752106255,0.7043742888054673,0.5824525687038691,0.45525505343494926,0.43595761965985425,0.3140358995582561,0.1868383842893363,0.3710409554721428,0.5769682147448907,0.4855269246686921,0.3901287882170022,0.5282807166041071,0.32696821474489735,0.4615745717959179
Izom,0.523971770954915,0.7864283760258353,0.5760753902587943,0.43483188205078743,0.4407363828791818,0.2303833971121409,0.08913988890413409,0.4928400021830611,0.3515964939750543,0.1412435082080134,0.5837121766199774,0.4434768527752834,0.34931451396994556,0.6184479228225636,0.5242855840172257,0.38405026017253174,0.38798659405812796,0.29382425525279005,0.15358893140809612,0.3285600014553763,0.5084058865689881,0.4377841324649847,0.3326076395814642,0.46383594211692436,0.29098994554359764,0.40672470925519183
Jaagi,0.47142998881650067,0.7956282858601893,0.6849096353622497,0.3789350568750077,0.5091881609267273,0.3984695104287877,0.0924949319415458,0.7226678074724763,0.41669322898523437,0.30597457848729476,0.5920821452011391,0.518269711535846,0.31428665921101806,0.7344019095649718,0.5304188572401438,0.45660642357485076,0.543441826275997,0.33945877395116913,0.2656463402858761,0.4817785383150018,0.5970488981444885,0.44406160890086754,0.38870228365189774,0.550801432173742,0.407581369707011,0.47763911851560137
Jamaare,0.40601815270379443,0.28332098575803494,0.21783538840780237,0.05178384540405315,0.5857714476537329,0.5202858503035003,0.3542343072997511,0.3975886833577408,0.23153714035399156,0.166051543003759,0.42503686203852076,0.3813797971383657,0.2706787684691995,0.29958168584119266,0.18888065717202654,0.1452235922718715,0.5012153271049914,0.3905142984358252,0.3468572335356701,0.2650591222384971,0.40180341803076763,0.318777646528893,0.2860348478537767,0.22468626438089695,0.37591149532874596,0.3214427344246161
Jebba,0.4641971492324807,0.6937121322586368,0.6588641031322888,0.3527034154933282,0.45250245050457516,0.41765442137822717,0.11149373373926658,0.6471694044043832,0.3410087167654226,0.3061606876390746,0.5368039106652308,0.5135718912476656,0.3094647661550251,0.6665818799317696,0.46247475483912925,0.43924273542156395,0.5057754254290618,0.30166830033642145,0.27843628091885614,0.4314462696029602,0.5556832768184319,0.40260293299895167,0.3851789184357777,0.49993640994885574,0.3793315690718249,0.4445466214547683
Jere,0.4144261849001535,0.6387258469993158,0.46016507245901184,0.30801913141390774,0.43711376907167176,0.2585529945313677,0.10640705348626367,0.48285265663053006,0.33070671558542597,0.152145941045122,0.4967552669903803,0.3777147506301777,0.27628412326677493,0.5272478586962859,0.4258172313328832,0.3067767149726805,0.3928398067445232,0.2914091793811205,0.17236866302091777,0.321901771087026,0.44863942076534175,0.3725664502427897,0.28328606297263775,0.3954358940222189,0.2946298550583969,0.358911536612277
Jima,0.28100662905137286,0.5620946573194248,0.4024121605462951,0.26466431646846783,0.3137726534338695,0.1540901566607398,0.016342312582912546,0.43517818492879173,0.2974303408509645,0.1377478440778348,0.38562464660155565,0.2791696487528026,0.18733775270091776,0.4665616675981705,0.3747297715462857,0.26827477369753255,0.30101366500780036,0.20918176895591553,0.10272677110716238,0.2901187899525303,0.35809240699008227,0.28921848495116864,0.20937723656460383,0.3499212506986298,0.22576024875585216,0.2864739255920673
K/Takuma,0.41571838175170883,0.6782026489481967,0.6935545958327749,0.28754781351623904,0.5188254036674699,0.5341773505520481,0.12817056823551215,0.7966616177485359,0.3906548354320001,0.4060067823165783,0.5375821447891251,0.5478167760455106,0.2771455878344867,0.7228062875098358,0.45213509929881196,0.4623697305551974,0.6165547906560179,0.34588360244499405,0.3561182337013795,0.5311077451657048,0.6061899997501223,0.40318660859185446,0.41086258203414355,0.5421047156323874,0.4624160929920241,0.4849519998001063
Kabe,0.494411706447438,0.4308555482353911,0.4967370909444217,0.0932133356840562,0.7388405833147307,0.8047221260237613,0.40119837076339576,0.7411659678117144,0.33764221255134885,0.4035237552603795,0.5547026126658533,0.5986236411385403,0.32960780429829667,0.5562528689971757,0.287237032156932,0.3311580606296191,0.7615762257167354,0.4925603888764918,0.5364814173491789,0.4941106452078143,0.6177888371295762,0.41602695949939344,0.44896773085390873,0.4171896517478853,0.571182169287555,0.4942310697036637
Kabo,0.5734814367933155,0.8226179195910397,0.595203349383864,0.4804880010828695,0.43512335421863674,0.20770878401146103,0.0929934357104665,0.45684526680918514,0.34212991850819063,0.11471534830101492,0.6104075702009973,0.4587978567295468,0.38232095786221715,0.6248888452613629,0.5484119463940332,0.3968022329225828,0.3665591350130943,0.2900822361457646,0.13847252267431415,0.30456351120613023,0.5151633518012504,0.4578056776507531,0.34409839254716523,0.4686666339460273,0.2749193512598258,0.4121306814410044
Kaboji,0.5208162615209169,0.5518980179770756,0.5213455795484389,0.27475671694959447,0.5232008455988206,0.4926484071701839,0.24605954457133952,0.5237301636263426,0.27714130102749823,0.24658886259886142,0.5319717083656044,0.5116034160798465,0.3472108410139503,0.532324587050619,0.36793201198472275,0.34756371969896493,0.5131931387984491,0.3488005637325528,0.32843227144679493,0.34915344241756746,0.5222732125736297,0.39897878127420755,0.3837025620598892,0.39924344028796854,0.38489485409884105,0.4178185700589071
Kabulla,0.5127952316213703,0.8881930354673324,0.6877708525779186,0.44492199611947314,0.5111442748497684,0.31072209196035466,0.06787323550190918,0.6861198958063167,0.44327103934787127,0.24284885645845747,0.6373775139794904,0.5037627253865479,0.3418634877475842,0.7540279279505225,0.5921286903115589,0.4585139017186164,0.5026620875388133,0.3407628498998496,0.2071480613069071,0.4574132638708818,0.5994575637138435,0.4780331354846208,0.3778220440399139,0.5655209459628949,0.37699656565411294,0.4795660509710772
Kafin Koro,0.535046139480148,0.7717260402524168,0.5299821586675559,0.44323992597211737,0.42029232778834125,0.17854844620348043,0.09180621350804186,0.4152283469757492,0.3284861142803106,0.08674223269544977,0.5756881691736354,0.41452558145039475,0.3566974263201024,0.5723121819652406,0.5144840268349482,0.35332143911170766,0.33802304032252356,0.28019488519223124,0.11903229746899069,0.2768188979838365,0.4751372432279486,0.4317661268802293,0.31089418608779884,0.4292341364739332,0.25351728024189546,0.3801097945823611
Kakihum,0.5463867894724673,0.5419268536155283,0.5489672111652389,0.2149654700778046,0.6583827029324029,0.6654230604821135,0.33142131939467917,0.6609631246251745,0.3269613835377401,0.3340017410874508,0.5822321153401329,0.58692568703994,0.36425785964831703,0.5839523964686473,0.36128456907702433,0.36597814077683144,0.6615896293465636,0.43892180195494074,0.44361537365474785,0.44064208308345515,0.6036749570488209,0.43667408650510375,0.4401942652799591,0.43796429735148956,0.49619222200992685,0.48293996563906
Kakuri,0.3641612065186465,0.34717324398047805,0.33015561212253913,0.25885610329167535,0.1936222439158003,0.17660461205786143,0.1053051032269976,0.159616649519693,0.08831714068882919,0.0712995088308903,0.3016522314716416,0.290307143566349,0.2427741376791065,0.2789818352075701,0.23144882932032754,0.22010374141503494,0.17661450183111824,0.1290814959438757,0.11773640803858311,0.10641109967980417,0.26188892801916974,0.22623917360373785,0.2177303576747684,0.20923637640568418,0.1324608763733453,0.20951114241534108
Kampala,0.29842843449024464,0.47728149267858,0.3679018323718636,0.1841158721026248,0.40747818296358923,0.2980985226568728,0.11431256238763404,0.47695158084520817,0.2931656205759694,0.18378596026925295,0.3943960367108046,0.32147626317299366,0.19895228966016784,0.44071163529855056,0.3181876617857247,0.2452678882479138,0.3941760954885567,0.2716521219757309,0.19873234843791995,0.31796772056347683,0.3876900076677264,0.295797027533107,0.24110719737974878,0.3305337264739165,0.2956320716164211,0.3101520061341839
Kanwuri,0.33837534301698824,0.4918617394506374,0.1942563978381341,0.6833644228254081,0.4635082368168093,0.16590289520430607,0.6550109201915801,0.3193892916379552,0.8084973166252292,0.510891975012726,0.43124843976147825,0.23284487868647616,0.5589168953446588,0.3351691429755756,0.6612411596337583,0.46283759855875606,0.31626680788635686,0.6423388245445395,0.4439352634695373,0.5462595277586368,0.3288823173274717,0.5734363298211087,0.4246336590148571,0.5013768572316817,0.48720010591476764,0.4631058538619774
Kasanga,0.3610301539964061,0.497739315979278,0.5613777106728831,0.18476733922902577,0.48923479151764615,0.5528731862112513,0.17626281476739392,0.6895823481941232,0.31297197675026583,0.3766103714438709,0.4493347538311101,0.4917603502935135,0.2406867693309419,0.582899791615428,0.3318262106528565,0.3742518071152599,0.5772301086410069,0.3261565276784353,0.3685821241408387,0.45972156546275333,0.5253062510952646,0.33700106537333596,0.3688202627201385,0.43717484371157445,0.4329225814807585,0.42024500087621447
Kashini,0.349408175986011,0.30785047878315747,0.28368156995740473,0.019613543428534334,0.6180315679121101,0.5938626590863574,0.329794632557487,0.5523049618835039,0.28823693535463346,0.26406802652888073,0.42509674089375954,0.40898413500992437,0.23293878399067744,0.38127900354135535,0.20523365252210843,0.18912104663827325,0.5880663962939905,0.4120210452747435,0.3959084393909083,0.3682033079223393,0.45085656893475745,0.3188225556703222,0.3067381012574458,0.28595925265601907,0.4410497972204954,0.360685255147808
Katcha,0.261488162290605,0.6135696607707697,0.4696937942057212,0.23951803162852425,0.3960217598044245,0.25214589323937603,0.021970130662179045,0.6042273917195408,0.37405162914234374,0.23017576257729527,0.42369319428859975,0.3277759499119008,0.17432544152710275,0.5624969488986772,0.40904644051387923,0.3131291961371802,0.4174650149211137,0.26401450653631575,0.16809726215961676,0.4028182611463933,0.4328577770050729,0.3177698957164744,0.24583196243395014,0.4218727116740325,0.3130987611908599,0.34628622160407796
Kateregi,0.24926147845907545,0.48008208816944853,0.44659888694318295,0.15678622112430493,0.415771124379939,0.38228792315367344,0.09247525733479539,0.6131085328640465,0.3232958670451685,0.2898126658189029,0.381704897002821,0.3593827628519773,0.16617431897272525,0.5132631693255593,0.3200547254463073,0.2977325912954636,0.47038919346588637,0.2771807495866343,0.2548586154357906,0.40873902190937267,0.43118500566156104,0.286278672752122,0.2695370721389892,0.3849473769941757,0.352791895099421,0.3449480045292538
NISKNT04_Kawo,0.5490329823043637,0.4792190350425307,0.3219412407664016,0.25031104690194567,0.5276299235430381,0.37035212926690897,0.298721935402453,0.300538182005076,0.22890798814062,0.0716301938644909,0.5186273136299775,0.4137754507792248,0.36602198820292076,0.3672328192713361,0.31947935669503214,0.2146274938442794,0.399506744938341,0.351753282362037,0.2469014195112843,0.20035878800339565,0.42478558215471984,0.38897048522249184,0.3103315880844273,0.2754246144535108,0.29963005870376447,0.33982846572378284
NISNAS04_Kawo,0.4826894937630203,0.4872501617957773,0.467013045648361,0.20016720994509418,0.5696052356686304,0.5493681195212141,0.28252228381794725,0.5539287875539711,0.28708295185070426,0.26684583570328796,0.5131816304091427,0.4996902196441984,0.32179299584202053,0.5027306649993698,0.3248334411971919,0.3113420304322477,0.5576340475812719,0.37973682377909396,0.36624541301414976,0.3692858583693211,0.5183091406584958,0.3848862228068623,0.3747676647331541,0.3770479987495326,0.41822553568595916,0.41464731252680087
Kazai,0.49844006396482665,0.7904898279988348,0.6547999080276576,0.4269018577277228,0.4351261765082533,0.29943625653707606,0.07153820623714122,0.5914860205710843,0.3635879702711495,0.2278980502999722,0.574685356157305,0.4842254095098535,0.33229337597656355,0.6789252521991922,0.5269932186659023,0.4365332720184509,0.4420161512054712,0.29008411767218134,0.19962417102472985,0.39432401371406867,0.5449630422679554,0.43101401711798804,0.36316905713239944,0.5091939391494035,0.33151211340411274,0.43597043381437184
NISMAK07_Kodo,0.2802626295120907,0.47273401460301356,0.5352314291975915,0.16132089517657297,0.43035485376199395,0.49285226835657187,0.11894173433555338,0.6853236534474947,0.3114131194264762,0.3739105340210541,0.3944504992923661,0.43611544235541794,0.18684175300807235,0.5644296990826999,0.31515600973535424,0.35682095279840625,0.5361769251886869,0.2869032358413412,0.3285681789043931,0.456882435631675,0.4827931414797927,0.2958378744692835,0.3270865817665724,0.4233222743120339,0.40213269389152406,0.3862345131838413
NISWSH05_Kodo,0.3145881806990546,0.48497035679352635,0.43252526201014513,0.18052907043157496,0.43850039662946994,0.3860553018460887,0.13405911026751852,0.5564374779405604,0.30444128636199025,0.25199619157860903,0.41268631137401696,0.37772291485176285,0.20972545379938268,0.4913110322480773,0.3233135711956972,0.28835017467344304,0.46033105880537306,0.2923335977529929,0.2573702012307388,0.37095831862705325,0.4355128293198075,0.30951473353052245,0.28329218613883184,0.3684832741860677,0.3452482941040395,0.3484102634558538
Kokoli,0.5488379049742101,0.22259181496252095,0.5609135420155626,0.22259181496258132,0.3262460900116892,0.6645678170647309,0.3262460900117496,0.3383217270530417,6.037314940934455e-14,0.3383217270531021,0.36589193664947345,0.5914397546848346,0.3658919366495137,0.37394236134370845,0.14839454330838756,0.3739423613437487,0.4430452113764873,0.21749739334116638,0.4430452113765275,0.2255478180354014,0.44357981601362595,0.27441895248713527,0.44357981601365615,0.2804567710078115,0.33228390853239564,0.3548638528109249
Kongoma Central,0.47503879148914285,0.6784050341687016,0.5979758108318254,0.27679600684202715,0.5998518119738201,0.519422588636944,0.19824278464714576,0.7227888313165027,0.40160902732670445,0.3211798039898283,0.5844318792105548,0.5308123969859707,0.3166925276594386,0.6663898921056766,0.45227002277914435,0.39865054055456023,0.614021077309089,0.39990120798255674,0.34628172575797267,0.48185922087767846,0.5989138114028227,0.4383239094079236,0.39810929773948556,0.4997924190792649,0.4605158079818242,0.47913104912226423
Kongoma West,0.4439255648711561,0.6221191919525718,0.5746648813712554,0.25971296855163395,0.5466188197204703,0.499164509139154,0.1842125963195325,0.6773581362205696,0.3624062234009482,0.3149519128196318,0.5375545255147327,0.5059183184605218,0.29595037658077417,0.6247140698481323,0.41474612796838467,0.38310992091417373,0.5743804883600646,0.364412546480317,0.3327763394261061,0.4515720908137166,0.5606418505458628,0.40316589413605214,0.379438738845394,0.46853555238610184,0.4307853662700511,0.44851348043669226
Kotonkoro,0.5153769860854958,0.5199546984213654,0.497454591141826,0.18110240460926072,0.6731268752883602,0.6506267680088209,0.33427458147625555,0.6552044803446904,0.3388522938121251,0.31635218653258573,0.5694861865984071,0.5544861150787143,0.34358465739033733,0.5575379233026273,0.34663646561425043,0.3316363940945575,0.6596527078806238,0.448751250192247,0.4337511786725541,0.43680298689646707,0.5852907332150931,0.42711463994881044,0.4158645863090408,0.4181534424769756,0.49473953091047296,0.46823258657207856
Kpada,0.30624970020912545,0.7069677036156059,0.5671736826756423,0.264615008766429,0.48398738629190097,0.34419336535193734,0.04163469144272405,0.7449113687584178,0.44235269484920453,0.3025586739092409,0.4990682633722108,0.40587224941223504,0.20416646680609285,0.6730175850165553,0.4713118024104131,0.37811578845043736,0.5243640401340853,0.3226582575279432,0.22946224356796743,0.4966075791722877,0.5255805344837716,0.37430119752916496,0.30440418705918315,0.5047631887624233,0.3932730301005709,0.4204644275870228
Kuchi,0.3911360372769554,0.6032649284744465,0.5771638878645436,0.336422249971858,0.32155646580776304,0.2954554251978602,0.054713787305174545,0.5075843163953513,0.26684267850266563,0.24074163789276282,0.4386524771863883,0.4212517834464531,0.26075735818466267,0.5626710442447805,0.40217661898299,0.38477592524305476,0.3748654024669915,0.21437097720520107,0.19697028346526588,0.3383895442635932,0.44936017683615337,0.3289893578898105,0.3159388375848591,0.42200328318360464,0.2811490518502629,0.3594881414689381
Kuchi Bussu,0.28041417023867954,0.6548869063299592,0.30569477395206207,0.2640718576557884,0.40715736125709723,0.05796522887920014,0.01634231258292644,0.43243796497047976,0.3908150486742061,0.04162291629630902,0.44748614594191194,0.21469139102331392,0.18694278015913146,0.4643398817508337,0.43659127088665123,0.20379651596805315,0.29918685170225906,0.2714382408380766,0.03864348591947853,0.2882919766469983,0.3564260676045796,0.3356146094564428,0.16101854326749426,0.3482549113131341,0.2243901387767031,0.28514085408367074
NISKNT05_Kudu,0.5454524214875024,0.5190055704599932,0.24945861712592418,0.2488212394295604,0.5668155130883974,0.29726855975432853,0.29663118205796474,0.27082170872681927,0.27018433103045547,0.0006373776963865241,0.5437578350119643,0.36405986612258506,0.3636349476583425,0.34642863210424557,0.346003713640003,0.16630574475062368,0.3783019271898484,0.3778770087256058,0.19817903983622662,0.1805478058178871,0.4081370651071608,0.4078183762589789,0.27304489959194445,0.25982147407818984,0.28372644539239195,0.3265096520857332
NISMKW06_Kudu,0.4747750204840169,0.7026081505681429,0.6612228195682122,0.32272230892390386,0.5319385532043651,0.4905532222044344,0.15205271156012612,0.7183863522885603,0.3798858416442521,0.33850051064432135,0.5697739080855083,0.5421836874188878,0.31651668032268226,0.6940724408083051,0.4684054337120996,0.44081521304547916,0.5802927092324532,0.3546257021362478,0.3270354814696273,0.47892423485904456,0.5965806863862886,0.4273304310641345,0.40663776556416914,0.520554330606232,0.4352195319243432,0.47726454910903343
Kudu/Gabas,0.4205415755421411,0.6340234571514437,0.3673441507088699,0.2993319896020792,0.4559010534894459,0.18922174704687206,0.12120958594008133,0.40270362865617465,0.33469146754938395,0.06801216110681012,0.5034886953943435,0.32570249109929433,0.2803610503614339,0.4680237455054961,0.4226823047676356,0.2448961004725864,0.3492754763974975,0.30393403565963706,0.12614783136458782,0.2684690857707896,0.41162260209915785,0.3776165215457625,0.24427686832447562,0.3510178091291269,0.261956607298128,0.32929808167933017
Kuluho,0.5851041304280484,0.78476626470736,0.7618700611728906,0.33248208038916566,0.7049062343570942,0.6820100308226248,0.2526220500388998,0.8816721651019364,0.4522841843182113,0.42938798078374196,0.6915922098308341,0.676328074141188,0.39006942028537134,0.8094361636607289,0.5231775098049124,0.507913374115266,0.7561961434272185,0.46993748957140186,0.45467335388175556,0.5877814434012966,0.7333881477649924,0.5186941573731298,0.5072460556058952,0.6070771227455509,0.5671471075704181,0.5867105182119973
Kumbashi,0.49734081471752284,0.48301906764758734,0.4875052130544638,0.18486910103248844,0.6106216803001577,0.6151078257070342,0.3124717136850588,0.6007860786370987,0.29814996661512333,0.3026361120219998,0.5303271875550893,0.5333179511596736,0.33156054314502337,0.5237701197797167,0.32201271176506635,0.3250034753696507,0.6088385282147636,0.4070811202001133,0.41007188380469756,0.4005240524247406,0.5490634466773108,0.3977453906663231,0.39998846336976135,0.3928275898347936,0.45662889616107877,0.4392507573418535
Kura/Auna East,0.5122208455276829,0.48867834991632375,0.39203890518585877,0.1990604134091682,0.6027783686257002,0.5061389238952352,0.31316043211854466,0.48259642828387606,0.28961793650718554,0.1929784917767205,0.5345591880232355,0.470132891536259,0.3414805636851319,0.45443789446201954,0.3257855666108925,0.26135927012391585,0.5305045736016039,0.4018522457504768,0.3374259492635001,0.3217309521892607,0.49740863690577947,0.4009193910174342,0.3525996686522017,0.34082842084652215,0.3978784302012104,0.39792690952462956
Kurebe/Kushaka,0.4009481890475498,0.6333354672647389,0.7533731841181449,0.25526448727509576,0.5237546817621338,0.6437923986155398,0.14568370177249068,0.8761796768327289,0.37807097998967976,0.4981086968430858,0.5193461126914741,0.5993712572604115,0.26729879269837875,0.7542961094052042,0.4222236448431715,0.5022487894121088,0.6812422524034675,0.34916978784143476,0.4291949324103721,0.5841197845551648,0.6385639329401394,0.3895095845186148,0.4495284429453178,0.5657220820539124,0.5109316893026098,0.5108511463521188
Kurmi Sarki,0.5129417270001997,0.7754629741186518,0.4829706924814756,0.4248152392253377,0.43877422266822685,0.1462819410310507,0.08812648777491273,0.4088031881495028,0.35064773489336487,0.05815545325618866,0.5757263079290261,0.38073145350424203,0.3419611513334833,0.5557456182498768,0.5169753160791181,0.32198046165433397,0.3312864506162601,0.2925161484455015,0.09752129402071735,0.2725354587663521,0.46087245757485124,0.4317947309467822,0.28554859012819417,0.41680921368742024,0.24846483796220778,0.36869796605989114
Kusherki North,0.463145161398589,0.5653572519092445,0.6865250207850024,0.25479460975348983,0.5189131938008862,0.6400809626766442,0.2083505516451316,0.7422930531872995,0.310562642155787,0.431730411031545,0.5158052023695733,0.5965837149534119,0.3087634409324035,0.6647251086271821,0.3769048346061738,0.4576833471900124,0.6337624032216099,0.3459421292006016,0.42672064178444025,0.4948620354582105,0.6027191072929443,0.38685390177718804,0.447437786215067,0.4985438314703947,0.4753218024162156,0.4821752858343619
Kusherki South,0.48772694482764123,0.5850170868441962,0.6798458504415175,0.276373908071823,0.5199962155282218,0.6148249791255432,0.2113530367558487,0.7121151211420982,0.30864317877240366,0.40347194236972506,0.530913415733353,0.5941325914649007,0.325151296551771,0.658992686142604,0.39001139122947426,0.45323056696102176,0.6156454385986211,0.34666414368549137,0.409883319417039,0.47474341409474224,0.5999210329848697,0.3981850618000224,0.44559944359868314,0.49424451460696056,0.4617340789489734,0.47993682638790186
Kuso Tachin,0.27411471009475036,0.5819301879442087,0.287780847834446,0.22959395790228476,0.3968569822344382,0.1027076421246755,0.044520752192514224,0.4105231199741339,0.3523362300419726,0.0581868899322099,0.41763396009113246,0.2215344000179573,0.18274314006318312,0.4267447185842628,0.38795345862948866,0.19185389855631355,0.30336258144441586,0.2645713214896417,0.06847176141646653,0.2736820799827721,0.3423189150344421,0.3132254700683615,0.16615080001348012,0.3200585389382093,0.22752193608332405,0.2738551320275634
Kutigi,0.46791597457337897,0.7367583472871493,0.5129372075392273,0.3218288801927349,0.5610165614750648,0.33719542172714284,0.14608709438065048,0.6060377944409132,0.41492946709442086,0.19110832734649885,0.5885636277785311,0.4393495346132497,0.31194398304892146,0.6185777830890966,0.49117223152476835,0.341958138359487,0.501416592547707,0.37401104098337873,0.22479694781809736,0.4040251962939443,0.5369768845071461,0.44142272083389994,0.3295121509599389,0.46393333731682407,0.37606244441078185,0.4295815076057182
Kutriko,0.2887761055457875,0.46375873136509244,0.459806019392866,0.17255645010448636,0.4074219367019426,0.40346922472971614,0.1162196554413365,0.578451850549021,0.29120228126064146,0.28724956928841505,0.3866522578709408,0.3840171165561232,0.19251740369720347,0.5006722004356599,0.3091724875767401,0.30653734626192247,0.4631143373268933,0.2716146244679735,0.2689794831531559,0.38563456703269244,0.4336139780474043,0.28998919340321444,0.2880128374171012,0.3755041503267537,0.34733575299517877,0.3468911824379305
Kwagana,0.5472614548172295,0.7937995513402624,0.6313421109747749,0.4577378517401599,0.4255853026771921,0.2631278623117046,0.08952360307708965,0.5096659588347374,0.33606169960012244,0.17360425923463493,0.5888821029448946,0.48057714270123636,0.36484096987815967,0.6449358737165916,0.5291997008935149,0.4208947406498566,0.3994597079412114,0.2837235351181347,0.1754185748744764,0.3397773058898316,0.5284637068259834,0.441661577208676,0.36043285702593225,0.48370190528744866,0.2995947809559135,0.42277096546079074
Kwaka,0.5634114737657765,0.8209728332219024,0.5270726860008046,0.4742715848616617,0.43584113726438745,0.14194099004328967,0.0891398889041468,0.3995023494994155,0.3467012483602726,0.05280110113917488,0.6067418147506888,0.41080838326995694,0.37560764917719497,0.5825159562407075,0.5473152221479456,0.3513817906672137,0.3257614922690309,0.290560758176269,0.09462732669553713,0.26633489966628765,0.481456911632596,0.45505636106302455,0.3081062874524757,0.43688696718053865,0.24432111920178115,0.3851655293060832
Kwaki/Chikuba,0.3307986004255408,0.6319042485413127,0.6783408509265122,0.24463987960347316,0.47342308975992664,0.5198596921451262,0.08615872082208709,0.8209653402608981,0.387264368937859,0.43370097132305846,0.47870864624226006,0.5096663811657264,0.22053240028370036,0.7104034799095743,0.4212694990275483,0.45222723395101466,0.6047493740553169,0.3156153931732909,0.3465731280967573,0.5473102268406053,0.5758819703432194,0.35903148468169993,0.3822497858742997,0.5328026099321856,0.4535620305414926,0.4607055762745794
Kwakuti,0.5083038036250083,0.775232254600507,0.5683773799104903,0.41095340155898064,0.46162925510757347,0.2547743804175567,0.097350402066047,0.5217028313930555,0.3642788530415459,0.15742397835152905,0.5817217711110296,0.44381852131768507,0.3388692024166786,0.6217708219680176,0.5168215030670111,0.3789182532736666,0.4127021556393952,0.30775283673838877,0.16984958694504426,0.3478018875953768,0.5150033175090319,0.43629132833327705,0.33286389098826863,0.466328116476018,0.30952661672955123,0.41200265400722946
Kwata,0.3734595280662653,0.5082242220176066,0.3309022923000918,0.21844860787471299,0.4447865343345015,0.2674646046169867,0.15501092019160784,0.402229298568328,0.28977561414294917,0.11245368442543434,0.4421567614727911,0.3239421416611146,0.24897301871086205,0.41378527096200884,0.33881614801175625,0.22060152820007972,0.3714934791732721,0.2965243562230195,0.17830973641134296,0.2681528657122372,0.38784441331729663,0.3316175711046072,0.24295660624584983,0.3103389532215205,0.27862010937996795,0.3102755306538484
Kwatachi,0.5642660567042233,0.6662436651945147,0.6857803217020344,0.32149268447548657,0.587524352947778,0.6070610094552978,0.2427733722287499,0.7090386179455892,0.34475098071904137,0.3642876372265611,0.606011358282172,0.6190357959538518,0.3761773711361532,0.6870208682807127,0.4441624434630142,0.45718688113469397,0.6345413267828883,0.39168290196518973,0.4047073396368696,0.4726924119637305,0.6366523373249062,0.4545085187116323,0.4642768469653921,0.5152656512105379,0.4759059950871695,0.5093218698599277
Kyari,0.2582316051225619,0.5746145386762844,0.24972075783687148,0.2418892925396745,0.34906755871954015,0.02417377788012716,0.016342312582930184,0.34055671143384975,0.3327252461366528,0.007831465297239786,0.39397123417279545,0.17737538027985353,0.17215440341505553,0.3882973359823352,0.38307635911753724,0.16648050522459526,0.23793268267783904,0.23271170581304104,0.016115851920099043,0.22703780762258077,0.29939415827820576,0.2954784256296073,0.13303153520990085,0.2912230019867621,0.17844951200839,0.2395153266225732
Labozhi,0.4533323450773927,0.767062303545923,0.6808651081478199,0.33900994730064987,0.5423747540220323,0.45617755862392917,0.11432239777675919,0.7699075170924594,0.4280523562452895,0.34185516084718637,0.5875898008817826,0.5301250039497138,0.30222156338493394,0.7392783095954009,0.5113748690306208,0.45391007209855205,0.589486609912807,0.361583169348027,0.30411837241595824,0.5132716780616451,0.611619931084926,0.44069235066134105,0.3975937529622895,0.5544587321965547,0.4421149574346093,0.48929594486794403
Lagun,0.49707679550949324,0.6615677811849459,0.7081371978089372,0.29949321547151403,0.5596581457514453,0.6062275623754367,0.19758358003801357,0.7707185480508894,0.3620745657134662,0.4086439823374576,0.5727675741486281,0.6038138518979558,0.33138453033967363,0.7134745090149242,0.44104518745664206,0.4720914652059696,0.6455347520592571,0.37310543050097505,0.4041517082503026,0.513812365367271,0.6338976717801913,0.4295756806114797,0.4528603889234754,0.5351058817612017,0.48415106404445146,0.5071181374241599
Lambata,0.49146790105698634,0.7206884489000078,0.4615018675124672,0.4013146110236221,0.40952712790977,0.15034054652222928,0.09015329003338417,0.37956109436525076,0.31937383787640566,0.060187256488865006,0.5405611592889213,0.3677701050305609,0.3276452673713309,0.5205838035925753,0.4804589659333452,0.30766791167498475,0.3131429229324167,0.2730180852731866,0.10022703101482616,0.2530407295768405,0.43551449771111855,0.40542086946669603,0.2758275787729257,0.3904378526944364,0.23485719219931747,0.34841159816889883
Landzun,0.2712272528427582,0.5964872254843387,0.26039606687497185,0.25488494025985875,0.35794459780739807,0.0218534391980312,0.01634231258291812,0.3471134118396117,0.3416022852244986,0.005511126615131767,0.408553025378165,0.18449225297192043,0.18081816856184504,0.40133223473297414,0.3976581503228987,0.1735973779166541,0.24230381628168032,0.23862973187160494,0.014568959465360362,0.231408941226414,0.30917033234118496,0.3064147690336284,0.138369189728945,0.30099917604973525,0.1817278622112649,0.2473362658729517
Lefu,0.466670840607619,0.6850186506803333,0.5767936725755403,0.3545966160001902,0.44249625928759356,0.33427128118280064,0.11207422460745055,0.5526190912555149,0.3304220346801648,0.2221970565753719,0.5313952501918485,0.45924526478865335,0.3111138937384199,0.6048104715037962,0.4566791004535628,0.3845291150503674,0.4431288772419697,0.2949975061917363,0.222847520788541,0.36841272750368387,0.5096449659315669,0.39854643764389186,0.34443394859149545,0.4536078536278526,0.3323466579314827,0.4077159727452579
Lemu,0.3152912102244374,0.5207493456398365,0.3978031734254318,0.20786091639132556,0.42031872308162277,0.29737255086721803,0.10743029383311183,0.5028306862826172,0.31288842924851096,0.18994225703410622,0.41878642631529894,0.3368223115056958,0.21019414014962493,0.4737944017826285,0.3471662304265577,0.26520211561695456,0.40684065341048603,0.2802124820544152,0.198248367244812,0.3352204575217448,0.40906094825352735,0.3140898197364742,0.25261673362927184,0.35534580133697136,0.3051304900578645,0.3272487586028219
Limawa A,0.3177758725736064,0.37177370978410573,0.2191698509066638,0.21478289743041987,0.259983787496878,0.10737992861943607,0.10299297514319214,0.16137776582993543,0.1569908123536915,0.0043869534762495405,0.3165111232848634,0.21477521736656877,0.21185058171573945,0.25077377550690166,0.24784913985607235,0.14611323393777773,0.17624716064874982,0.17332252499792053,0.07158661907962592,0.10758517721995882,0.23957681920177093,0.23738334246364895,0.16108141302492796,0.18808033163017762,0.13218537048656376,0.19166145536141785
Limawa B,0.3177758725736064,0.4179856748548313,0.22099964366585767,0.2147828974304211,0.30619575256760356,0.10920972137862996,0.10299297514319336,0.2094195236598548,0.20320277742441822,0.0062167462354446425,0.3473190999986804,0.21599507920603134,0.2118505817157403,0.2828016140601813,0.27865711656989023,0.14733309577724113,0.20827499920202944,0.2041305017117384,0.07280648091908933,0.13961301577323923,0.2635976981167306,0.2604893249990123,0.16199630940452553,0.21210121054513797,0.1562062494015241,0.2108781584933861
Lokogwoma,0.3492719817160284,0.5183824185285976,0.461129259359495,0.20678590315613304,0.45408259393239503,0.39682943476329247,0.1424860785599305,0.5659398715758616,0.31159651537249966,0.2543433562033971,0.44057899805900697,0.4024102252796053,0.23284798781069735,0.5151505164879847,0.34558827901907674,0.30741950623967507,0.47228396675718304,0.30272172928827507,0.2645529565088734,0.37729324771725276,0.457605926645945,0.330434248544264,0.3018076689597127,0.38636288736599733,0.35421297506789606,0.36608474131676305
Maburya,0.4802877914765179,0.4574822324209563,0.5148488284585918,0.1448325498286002,0.6481049242402989,0.7054715202779344,0.3354552416479427,0.6826659612223728,0.31264968259238113,0.3700162786300166,0.5286249827125911,0.5668693800710147,0.3201918609843536,0.5516656740339737,0.3049881549473125,0.3432325523057362,0.6787474685802021,0.4320699494935409,0.47031434685196455,0.4551106408149235,0.5814768763494453,0.3964687370344495,0.42515203505326726,0.41374925552548647,0.5090606014351577,0.46518150107956124
Madalla,0.5057923313822245,0.7273456053733469,0.4312972664810362,0.4204994272536896,0.39213908224820326,0.09609074335589259,0.08529290412854597,0.31764401734701503,0.3068461781196684,0.01079783922735771,0.5417590063345915,0.34439344707305103,0.33719488758815336,0.49209562973379933,0.48489707024890166,0.2875315109873612,0.26862461431703694,0.2614260548321392,0.06406049557059876,0.21176267823134706,0.4117181743646197,0.40631925475094643,0.25829508530479106,0.3690717223003523,0.2014684607377805,0.329374539491698
Madara,0.5502401382749316,0.5264004668117308,0.3787785879815935,0.2536089562169847,0.569422692652706,0.4218008138225686,0.2966311820579598,0.39796114235936775,0.272791510594759,0.1251696317646217,0.5486877659131227,0.4502731800263646,0.3668267588499587,0.43438006571756405,0.35093364454115816,0.25251905865439994,0.4630615496115475,0.3796151284351416,0.2812005425483834,0.2653074282395828,0.47410064031714966,0.41151582443484525,0.33770488501977663,0.32578504928817625,0.34729616220866383,0.3792805122537223
Magaji,0.20464005529254553,0.46409138847224635,0.39174665026804156,0.14766989419393112,0.37339165537694297,0.3010469171727382,0.05697016109862772,0.560498250352439,0.31642149427832855,0.2440767560741238,0.34737436638057834,0.2991445409111084,0.13642670352836814,0.4721120963642423,0.309394258981502,0.26116443351203217,0.41164560763404007,0.24892777025129975,0.2006979447818299,0.3736655002349638,0.3825691528224923,0.26053077478543707,0.22435840568333465,0.35408407227318506,0.3087342057255334,0.30605532225799653
NISSUL09_Magajiya,0.5013377069525733,0.7418499742238917,0.4172572566069702,0.41321121917778,0.41676524282109306,0.09217252520417163,0.08812648777498139,0.33268479247549,0.32863875504629975,0.004046037429378258,0.5533176413325194,0.33692249625457166,0.3342251379684449,0.49726400776878393,0.4945666494826571,0.2781715044047095,0.28054085350025154,0.2778434952141247,0.06144835013617709,0.22178986165038936,0.41701124971403164,0.41498823099943655,0.2526918721909758,0.37294800582663495,0.2104056401252357,0.3336089997712629
NISKNT07_Magajiya,0.6090927799249326,0.5679749769133027,0.39261258691842327,0.2948894290243388,0.5872888987895931,0.41192650879471365,0.3142033509006292,0.3708087057830837,0.27308554788899925,0.09772315789411974,0.5881188852092761,0.4712106252126898,0.4060618532833002,0.4437987565382699,0.3786499846088802,0.26174172461229395,0.45667470445579683,0.39152593252640716,0.2746176725298209,0.24720580385540092,0.48995074285400814,0.4410891639069659,0.3534079689095262,0.33284906740371123,0.34250602834185645,0.39196059428321356
Magamadaji/Ibelu North,0.4529043457089729,0.4357838468610421,0.437051523036414,0.11922993353619438,0.6502283254976475,0.6514960016730194,0.33367441217279975,0.6343755028250886,0.31655391332486893,0.3178215895002408,0.5129721726892208,0.5138172901394688,0.30193623047265566,0.5024036242408482,0.29052256457403514,0.29136768202428304,0.6453666099985852,0.4334855503317721,0.43433066778202,0.4229170018833995,0.5436399242670307,0.38472912951692095,0.38536296760460687,0.3768027181806415,0.4840249574989442,0.4349119394136288
Mago,0.4194786567528805,0.29697724124850516,0.5107437362631387,0.010743736263156898,0.6949684254751082,0.9087349204897417,0.4087349204897599,0.7862335049853664,0.2862335049853846,0.5000000000000182,0.4704747744921646,0.612985771168587,0.2796524378352658,0.5313181608323368,0.19798482749901555,0.34049582417543794,0.7966456169834055,0.46331228365008426,0.6058232803265066,0.5241556699902564,0.6028560808691235,0.35285608086913256,0.4597393283764494,0.3984886206242617,0.5974842127375632,0.48228486469530607
Maikunkele,0.2668413383421593,0.43873353711515306,0.2454817690809737,0.16384836319897927,0.37787814905937245,0.18462638102519308,0.10299297514319868,0.35651857979818685,0.27488517391619244,0.0816334058820131,0.3611510081722282,0.23231649614944203,0.17789422556144574,0.3469112953314379,0.2924890247434416,0.16365451272065534,0.3063410366275841,0.25191876603958785,0.1230842540168016,0.23767905319879745,0.31167995907017304,0.27086325612917583,0.17423737211208618,0.26018347149858306,0.22975577747069276,0.24934396725614216
Maito,0.3988026584800952,0.5405867096137051,0.3855024816064383,0.2437917382885574,0.45180589151677014,0.29672166350950324,0.15501092019162238,0.4385057146431133,0.29679497132523236,0.1417107433179655,0.4637317532035235,0.3603422678653456,0.2658684389867583,0.45486496862108555,0.3603911397424983,0.2570016544043204,0.3956777565564622,0.30120392767787496,0.19781444233969703,0.29233714309543707,0.41865418656160425,0.3477988149026638,0.27025670089903037,0.34114872646583533,0.2967583174173678,0.33492334924930034
Maitumbi,0.3759319640019448,0.6020732387151586,0.335572208139547,0.2843225271891947,0.4093601483387237,0.1428591177631122,0.09160943681275985,0.36900039247632593,0.3177507115259736,0.05124968095036208,0.46245511701860903,0.28478776330153466,0.2506213093346331,0.4355486131103439,0.40138215914344233,0.22371480542636793,0.30707321952605393,0.2729067655591524,0.09523941184207803,0.2460002616508872,0.37246617823913536,0.3468413377639592,0.21359082247615344,0.32666145983276035,0.2303049146445429,0.29797294259131024
Makera,0.3393632016442593,0.48989629946370483,0.2237476733877128,0.221916970958561,0.38542555919085086,0.1192769331148588,0.11744623068570703,0.26981003093430433,0.26797932850515255,0.0018307024291604884,0.40489502009960504,0.22746260271561028,0.2262421344295091,0.3278180012619073,0.3265975329758061,0.14916511559181142,0.25817084108000465,0.2569503727939035,0.07951795540990877,0.17987335395620577,0.30458661628928185,0.30367126507470593,0.17059695203670988,0.24586350094643264,0.19362813081000566,0.2436692930314272
Malale,0.5982326321189435,0.6141458791224654,0.7433237646705263,0.2851558295216553,0.6420668521981383,0.7712447377461993,0.31307680259732823,0.7871579847497211,0.3289900496008501,0.45816793514891097,0.6181484544798491,0.704267044845223,0.39882175474597564,0.7148758761809043,0.40943058608165694,0.49554917644703084,0.7334898582313528,0.4280445681321055,0.5141631584974795,0.5247719898331608,0.6926953084343324,0.4636113408598968,0.5282002836339272,0.5361569071356882,0.5501173936735246,0.5541562467474739
Manbe Tafyan,0.2956452553338049,0.6283057982110121,0.5016483222887783,0.2589267040862479,0.4060976453723374,0.27944016945010364,0.036718551247573276,0.6121007123273107,0.3693790941247803,0.24272161820254662,0.4433495663057181,0.35891124902422894,0.19709683688920868,0.5806849442757004,0.4188705321406801,0.33443221485919095,0.4325461757165839,0.27073176358156364,0.1862934463000745,0.40806714155154583,0.4538729838305578,0.3325121747292926,0.26918343676817574,0.4355137082067793,0.324409631787442,0.36309838706444947
Manigi/Dapangi/Makera,0.5080956136541185,0.5959977095340325,0.6061833496192113,0.2777388554918,0.5486156122045751,0.5588012522897539,0.23035675816234255,0.646703348169668,0.3182588540422567,0.32844449412743537,0.5509029784642421,0.5576934051876945,0.33873040910275365,0.6162948024409706,0.39733180635602966,0.4041222330794822,0.5847067375546656,0.3657437414697247,0.37253416819317725,0.4311355654464533,0.5773994809118932,0.41317723384818755,0.41827005389077687,0.46222110183073395,0.43853005316600524,0.46191958472951933
Manta,0.3192010087853124,0.27489342164815167,0.3519536776160922,0.2222785973715277,0.1495372356904983,0.22659749165843884,0.0969224114138743,0.1822899045212781,0.05261482427671358,0.12967508024465413,0.2478772220413208,0.2992507260199478,0.21280067252357146,0.269712334595174,0.18326228109879764,0.23463578507742466,0.18614154395673843,0.09969149046036206,0.1510649944389891,0.12152660301421526,0.2507454566532953,0.185907916531013,0.22443804451498325,0.2022842509464029,0.13960615796757622,0.20059636532265418
Masaba A/Masaga I,0.2582316051225619,0.5698051001783809,0.24760623258549277,0.24188929253966293,0.34425812022163665,0.022059252628748457,0.0163423125829186,0.3336327476845675,0.3279158076387377,0.005716940045849501,0.39076494184085986,0.17596569677893437,0.1721544034150478,0.3836813601494804,0.3798700667855938,0.1650708217236684,0.2333167068449842,0.22950541348109765,0.014706168419172187,0.22242183178971822,0.29593217640356473,0.2930737063806498,0.1319742725842057,0.2877610201121152,0.17498753013374307,0.23674574112285568
Masaba B,0.2582316051225619,0.5698051001783809,0.24760623258549277,0.24188929253966462,0.34425812022163665,0.022059252628748457,0.01634231258292031,0.3336327476845675,0.3279158076387394,0.005716940045851211,0.39076494184085986,0.17596569677893437,0.17215440341504895,0.3836813601494804,0.379870066785595,0.16507082172366952,0.2333167068449842,0.2295054134810988,0.014706168419173327,0.2224218317897194,0.29593217640356473,0.29307370638065067,0.13197427258420655,0.2877610201121161,0.17498753013374393,0.2367457411228564
Masaga A,0.2582316051225619,0.5761903190848435,0.24760623258549277,0.2418892925396745,0.35064333912809925,0.022059252628748457,0.016342312582930184,0.3400179665910301,0.3343010265452119,0.005716940045861085,0.39502175444516824,0.17596569677893437,0.17215440341505553,0.3879381727537888,0.38412687938990997,0.16507082172367613,0.23757351944929261,0.23376222608541378,0.01470616841917991,0.22667864439403437,0.299124785856796,0.2962663158338869,0.1319742725842115,0.2909536295653523,0.17818013958698017,0.2392998286854454
Masaga B/Masaga  II,0.2582316051225619,0.5723331187460398,0.24760623258549277,0.24188929253966948,0.34678613878929543,0.022059252628748457,0.016342312582925147,0.3361607662522263,0.330443826206403,0.005716940045856049,0.39245028755263234,0.17596569677893437,0.17215440341505217,0.38536670586125293,0.38155541249737074,0.16507082172367277,0.23500205255675674,0.23119075919287455,0.014706168419176551,0.22410717750149511,0.2971961856873941,0.2943377156644824,0.13197427258420896,0.2890250293959479,0.17625153941757574,0.2377569485499218
Mashegu,0.46035275409555343,0.6016745564218601,0.5695274183206744,0.25203499729016393,0.5579573159371035,0.5258101778359179,0.20831775680540734,0.6671319801622246,0.349639559131714,0.31749242103052844,0.539994875484839,0.5185634500840486,0.30690183606370824,0.6127779849682531,0.4011163709479127,0.3796849455471223,0.5836331579784154,0.371971543958075,0.35054011855728456,0.44475465344148907,0.563742367128889,0.40499615661363375,0.38892258756304093,0.4595834887261943,0.43772486848381603,0.45099389370311477
Masuga,0.5413305675377807,0.5335130695778584,0.42776932089611264,0.22712721663717547,0.6205892038413007,0.5148454551595549,0.3142033509006178,0.5070279571996326,0.3063858529406954,0.20064210425894974,0.56514428031898,0.4946484478644828,0.3608870450251913,0.4894367825578679,0.3556753797185764,0.2851795472640793,0.5474875387334961,0.4137261358942046,0.34323030343970745,0.3380186381330925,0.5241792623687067,0.4238582102392381,0.3709863358983652,0.36707758691840403,0.4106156540501252,0.4193434098949679
Mayaki Ndejiya,0.2712272528427582,0.6124477200858465,0.26029419978226,0.2548849402598573,0.37390509240890585,0.021751572105319354,0.016342312582916657,0.3629720393484076,0.35756277982600493,0.0054092595224184544,0.4191933551125035,0.1844243415767792,0.18081816856184407,0.41190465307217133,0.40829848005723623,0.1735294665215119,0.2528762346208776,0.24927006160594248,0.014501048070218155,0.24198135956561032,0.3170996460955829,0.31439501633438155,0.13831825618258833,0.30892848980413246,0.18965717596566214,0.25367971687646945
Mazakuka,0.5224411912569871,0.5303822199939052,0.6778400502907493,0.24392987407021505,0.5649636631104823,0.7124214934073264,0.27851131718679206,0.7203625221442446,0.2864523459237102,0.43391017622055433,0.5392623581204582,0.6375675783183543,0.3482941275046647,0.6428615974762998,0.3535881466626101,0.45189336686050624,0.6659158928873511,0.37664244207366154,0.4749476622715576,0.480241681429503,0.6214018567006159,0.40444676859034867,0.47817568373877073,0.4821461981072298,0.4994369196655183,0.4971214853604967
Minna C,0.3322291281161197,0.45059642518140963,0.2166135998595732,0.2147828974304222,0.35325975843669527,0.1192769331148588,0.11744623068570781,0.23764423018014874,0.23581352775099773,0.0018307024291612647,0.3786951039114082,0.22270655369685055,0.22148608541074988,0.3016180850737105,0.30039761678760984,0.14440906657305222,0.2367269739105676,0.23550650562446693,0.07951795540990929,0.15842948678676924,0.28493667914813425,0.2840213279335587,0.16702991527264047,0.22621356380528543,0.17754523043292825,0.22794934331850944
Minna S,0.31375441637391027,0.49202131163222296,0.200262193050037,0.19630818568822772,0.41315935662971803,0.12140023804753207,0.1174462306857228,0.29966713330584477,0.2957131259440355,0.00395400736184952,0.4063116948786171,0.21180561582382643,0.20916961091595357,0.33065021266270156,0.3280142077548287,0.1335081287000381,0.27807557599436494,0.2754395710864921,0.08093349203170146,0.19977808887057658,0.3067107748398775,0.3047337711589729,0.15885421186787987,0.24798765949703622,0.20855668199578375,0.24536861987191005
Mokwa Central,0.31734831664977664,0.5222546662085085,0.5716649163346219,0.2052544136071262,0.4290941556440632,0.4785044057701767,0.11209390304268095,0.6834107553289086,0.3170002526014128,0.3664105027275263,0.4228990461674494,0.4558392129181918,0.2115655444331946,0.5924434459573463,0.3481697774723491,0.3811099442230914,0.5303364389143829,0.28606277042938566,0.319002937180128,0.45560717021928254,0.5003795359893426,0.31717428462559466,0.34187940968865144,0.4443325844680173,0.39775232918579473,0.4003036287914802
Moregi,0.3882976435310229,0.7273031938043318,0.5236151338343881,0.34478701528092637,0.4260268067735591,0.22233874680361532,0.04351062825015359,0.5613442970769242,0.38251617852346254,0.17882811855351874,0.5138758813696379,0.37808384138967543,0.25886509568736765,0.6040875415718814,0.4848687958695736,0.34907675588961107,0.40323661688469953,0.28401787118239175,0.14822583120242921,0.37422953138463516,0.4748209703039736,0.3854069110272427,0.28356288104227084,0.4530656561789253,0.3024274626635389,0.37985677624319025
Muwo/Gbajibo,0.47936343760970523,0.5743585721427357,0.7545692029197302,0.3104108820490488,0.4329002456543588,0.6131108764313533,0.16895255556067196,0.7081060109643837,0.2639476900937024,0.4441583208706969,0.4955407518022666,0.6156811723202629,0.319575625073142,0.6790112620089498,0.38290571476182894,0.5030461352798253,0.5847057110166985,0.2886001637695777,0.40874058428757404,0.472070673976261,0.5937347242870445,0.37165556385170384,0.46176087924020104,0.5092584465067163,0.4385292832625278,0.47498777942963877
Muye,0.2974915946384371,0.6653967103867368,0.600931062793028,0.29749159463846253,0.36790511574829965,0.30343946815459083,2.5444186456186972e-14,0.6713445839028904,0.3679051157483251,0.30343946815461625,0.4435978069244912,0.4006207085286853,0.19832772975897503,0.6458907856942183,0.4435978069245081,0.4006207085287023,0.4475630559352603,0.24527007716555005,0.20229297876974417,0.44756305593527723,0.48441808927066377,0.3326983551933811,0.3004655313965267,0.4844180892706765,0.3356722919514579,0.3875344714165412
Nasarafu,0.27004688763923845,0.6165355645070758,0.2639660939966402,0.2537045750563378,0.379173302033655,0.02660383152321935,0.016342312582916917,0.3730925083910568,0.36283098945075437,0.01026151894031871,0.42191858472665644,0.1868722710530327,0.1800312584261644,0.4178647222982576,0.4110237096713893,0.1759773959977656,0.2596232139826437,0.25278220135577545,0.01773588768215166,0.24872833892737664,0.3215696980151476,0.3164389385449964,0.1401542032897786,0.31339854172369724,0.19471741048698687,0.25725575841212134
Nasarawa,0.46712036059181106,0.2805361037621082,0.5273607259792152,0.11822526070215035,0.5112059429496768,0.7580305651667838,0.34889509988971895,0.571446308337081,0.16231084306001609,0.40913546527712313,0.41962080243453204,0.58417055057927,0.31141357372789347,0.45978104602613473,0.18702406917475822,0.3515738173194962,0.6135609388178472,0.3408039619664706,0.5053537101112086,0.38096420555807337,0.5192833344644461,0.31471560182591357,0.43812791293446707,0.3448357845196156,0.46017070411339994,0.4154266675715685
Nasarawa A,0.33771433867316114,0.43479800590808,0.2395155976698686,0.23472136352997286,0.3030696175212976,0.10778720928308617,0.10299297514319042,0.20487087651800504,0.2000766423781093,0.004794234139897915,0.3585273207008462,0.22833904854203865,0.2251428924487748,0.2930614933653179,0.28986533727205405,0.15967706511324645,0.2052425677741296,0.20204641168086576,0.07185813952205818,0.1365805843453374,0.2712926075955831,0.2688954905256352,0.1712542864065295,0.21979612002398893,0.15393192583059773,0.21703408607646693
Nasarawa B,0.33771433867316114,0.4121854758970087,0.2395155976698686,0.23472136352997322,0.2804570875102263,0.10778720928308617,0.10299297514319077,0.1822583465069338,0.1774641123670384,0.004794234139898265,0.3434523006934654,0.22833904854203865,0.22514289244877506,0.277986473357937,0.27479031726467346,0.1596770651132467,0.19016754776674874,0.18697139167348517,0.0718581395220584,0.12150556433795683,0.2599863425900475,0.2575892255200998,0.1712542864065297,0.2084898550184535,0.14262566082506228,0.20798907407203857
Nasarawa C,0.3290888598622244,0.40315555925318375,0.24803658109576296,0.24054914026155033,0.2511461385923086,0.0960271604348878,0.08853971960067517,0.17009385982584715,0.16260641899163453,0.0074874408342137325,0.3277968525692389,0.22438420046429175,0.2193925732414833,0.2737620000582646,0.2687703728354562,0.165357720730509,0.1724223862843479,0.16743075906153945,0.06401810695659223,0.11339590655056514,0.2495913598440358,0.24584763942692947,0.1682881503482191,0.20532150004369876,0.1293167897132612,0.19967308787522886
Nasko,0.4872803397509825,0.4510936579000324,0.37855780202379263,0.14938506401878662,0.6396038696134614,0.5670680137372215,0.3378952757322155,0.5308813318862715,0.3017085938812655,0.22917273800502563,0.5259926224214921,0.47763538517066556,0.3248535598339949,0.4535109306033655,0.30072910526669483,0.2523718680158683,0.5791844050789848,0.4264025797423141,0.3780453424914875,0.3539208879241875,0.509080835818627,0.394494466816124,0.35822653887800404,0.340133197952529,0.4343883038092435,0.40726466865490546
Nassarawa,0.6329609739502573,0.596404152663059,0.7935938905854258,0.3689553855809577,0.491454355451453,0.6886440933738199,0.26400558836935173,0.6520872720866216,0.2274487670821535,0.4246385050045204,0.5736064940215898,0.7050663193031678,0.42197398263352226,0.6806951051117022,0.3976027684420567,0.5290625937236346,0.6107285736372982,0.3276362369676527,0.45909606224923066,0.4347248480577652,0.6425241230184395,0.4302048705162054,0.5287997394773889,0.5105213288337898,0.4580464302279867,0.5140192984147621
New Bwari,0.5799854402080634,0.8872825611111859,0.5128303456841405,0.4918589524332127,0.48355009645289726,0.1090978810258519,0.08812648777492409,0.41639500192897444,0.3954236086780466,0.020971393251001225,0.6502726992573823,0.4006378889726853,0.38665696013873346,0.6055026362414336,0.5915217074074818,0.34188689712278486,0.33634765980257453,0.3223667309686226,0.07273192068392574,0.27759666795267407,0.49819022106851896,0.48770452444305507,0.30047841672953235,0.45412697718109357,0.25226074485194927,0.39855217685482985
Ngwamatse,0.5874263762530483,0.6400818356484141,0.4972564725980484,0.29827271244426856,0.6309627870129437,0.488137423962578,0.2891536638087982,0.5407928833579438,0.34180912320416407,0.19898376015379834,0.6194903329714687,0.5242734242712249,0.391617584168705,0.5593770638681355,0.42672122376561555,0.33150431506537176,0.5532976981111551,0.4206418580086353,0.3254249493083915,0.36052858890530204,0.5641096298054961,0.46461774972860614,0.39320506820342327,0.4195327979011062,0.414973273583371,0.4512877038444006
Nuwan Kuta,0.3175727759343533,0.5070784105514747,0.438920907741996,0.18761153900611116,0.4494281084736129,0.3812706056641342,0.12996123692824937,0.5707762402812556,0.3194668715453708,0.25130936873589205,0.4246930983198136,0.37925476311349443,0.21171518395623792,0.5055918528582422,0.3380522737009856,0.2926139384946664,0.4671583181396676,0.29961873898241104,0.25418040377609186,0.3805174935208395,0.44417450810780446,0.31851982373986204,0.28444107233512267,0.37919388964368345,0.35036873860475254,0.355339606486245
Paiko,0.39849964187592596,0.5754588923854026,0.3323544593962644,0.2810402909572538,0.41187795234684316,0.16877351935770496,0.11745935091869437,0.3457327698671816,0.294418601428171,0.051314168439032776,0.4619454955360573,0.2998758735432984,0.2656664279172914,0.41784870721628287,0.3836392615902758,0.221569639597517,0.30879474719057654,0.2745853015645695,0.1125156795718107,0.23048851324479513,0.3721162058715538,0.3464591216520485,0.22490690515747935,0.3133865304122177,0.23159606039293795,0.2976929646972475
Papiri,0.4280118530284561,0.2695677262632377,0.426449768314942,0.051144933270577904,0.595289712750557,0.7521717548022613,0.3768669197578971,0.5937276280370428,0.2184227929926787,0.375304835044383,0.4309564306807503,0.5355444587152198,0.2853412353523104,0.42991504087174087,0.17971181750883145,0.28429984554330096,0.647063031863287,0.3968598085003776,0.5014478365348471,0.3958184186913682,0.5108697405327495,0.32321732301056744,0.4016583440364196,0.32243628065381036,0.48529727389746996,0.4086957924262033
Pina/Kolu,0.3275581805896079,0.5973216303044724,0.44037096095976863,0.25074635662187217,0.4233870976503543,0.2664364283056506,0.07681182396775416,0.536199878020515,0.3465752736826186,0.18962460433791492,0.44942230284814483,0.34478852328500903,0.21837212039307807,0.5246308230949187,0.39821442020298775,0.2935806406398519,0.4086744679921733,0.2822580651002424,0.17762428553710655,0.3574665853470162,0.4318790293050615,0.33706672713611324,0.2585913924637614,0.39347311732119367,0.3065058509941346,0.3455032234440529
Raba Ndayako,0.3952166413617049,0.644068656644692,0.5272136625276918,0.2831227383190488,0.47303982136831857,0.3561848272513183,0.11209390304267522,0.6050368425343055,0.3609459183256624,0.2440909242086621,0.5041083731249052,0.42620504371357165,0.26347776090780967,0.5921063872355631,0.42937910442980104,0.35147577501846755,0.4780871637179807,0.3153598809122187,0.2374565515008852,0.40335789502287667,0.5001267419480052,0.37808127984368367,0.3196537827851835,0.4440797904266771,0.3585653727884903,0.400101393558408
Rafi,0.5875705264733133,0.656558387244925,0.6383929170285224,0.3460958811991413,0.5519371513199951,0.5337716811035924,0.24147464527421134,0.6027595418752041,0.31046250604582304,0.2922970358294204,0.5986886883460778,0.5865783748684761,0.3917136843155553,0.6325702820495506,0.43770559149662974,0.425595278019028,0.5628227914329306,0.36795810088000985,0.355847787402408,0.4018396945834825,0.5951650341742587,0.4490165162595682,0.4399337811513669,0.4744277115371727,0.4221170935747078,0.4761320273394148
Rafin Gora,0.5486980331487343,0.510297504588175,0.3636782436153115,0.266323329938021,0.5263488778608832,0.3797296168880197,0.2823747032107292,0.34132908832746045,0.24397417465016996,0.0973549136773064,0.5284481385325975,0.4307019645506885,0.3657986887658282,0.4051016121769823,0.340198336392122,0.24245216241021295,0.4158025276921211,0.35089925190726085,0.25315307792535174,0.2275527255516456,0.4450135607380974,0.3963361038994522,0.3230264734130204,0.3038262091327407,0.31185189576909483,0.3560108485904811
Rijau,0.38181929064813724,0.27649294942841013,0.09668599288602603,0.021147099037452988,0.6160180420016437,0.4362110854592595,0.3606721916106865,0.3308847442395324,0.25534585039095936,0.07553889384857529,0.42477676069273035,0.3049054563311409,0.2545461937654256,0.23468789551798952,0.18432863295227417,0.06445732859068477,0.46103795723347857,0.4106786946677632,0.29080739030617375,0.22058982949302233,0.3563520174438348,0.3185825705195483,0.22867909224835625,0.1760159216384927,0.34577846792510947,0.2850816139550683
Rofia,0.3757175896176292,0.1988161746925549,0.18172642610813688,0.03882587579709419,0.4968820127160749,0.4797922641316569,0.3368917138206142,0.3028908492065826,0.15999029889553992,0.14290055031112192,0.3571385923420863,0.34574542661914104,0.2504783930784459,0.2278111500024248,0.13254411646172967,0.12115095073878433,0.42652170868477146,0.33125467514407636,0.319861509421131,0.20192723280441482,0.33930421941210587,0.26785394425658454,0.2593090699643756,0.17085836250183842,0.3198912815135984,0.27144337552970055
Rokota,0.4224914894562123,0.7293139258033348,0.6664414772568109,0.3299965575147002,0.4918123002301612,0.42893985168363735,0.09249493194152664,0.7357622880307598,0.3993173682886491,0.33644491974212526,0.5478725718299028,0.5059576061322202,0.28166099297081304,0.7105058970303019,0.4862092838688947,0.4442943181712122,0.5521714799815195,0.3278748668201123,0.28595990112242975,0.49050819202051144,0.5791268887434861,0.4109044288724307,0.3794682045991688,0.53287942277273,0.41412860998614326,0.4633015109947918
NISMNA09_Sabon Gari,0.33771433867316114,0.5090073363839753,0.2395155976698686,0.23472136352997244,0.3772789479971929,0.10778720928308617,0.10299297514319,0.2790802069939004,0.27428597285400425,0.004794234139897496,0.40800020768477646,0.22833904854203865,0.22514289244877453,0.34253438034924816,0.339338224255984,0.15967706511324617,0.25471545475805984,0.2515192986647957,0.0718581395220579,0.1860534713292674,0.3083972728335308,0.3060001557635827,0.17125428640652932,0.25690078526193644,0.1910365910685452,0.2467178182668249
NISWSH09_Sabon Gari,0.3235881226344435,0.4697683816005789,0.5246072361983946,0.18816305331105668,0.4170303976129641,0.4718692522107798,0.1354250693234419,0.6180495111769152,0.28160532828957735,0.33644418288739303,0.4034623006159955,0.4400215370145393,0.21572541508964738,0.5374750429919629,0.31317892106707096,0.3497381574656147,0.5023163870002197,0.2780202650753278,0.3145795014738716,0.4120330074512952,0.47081881690567934,0.3025967254620104,0.3300161527609182,0.4031062822439859,0.37673729025017855,0.3766550535245545
NISKAG09_Sabon Gari,0.41060973384838984,0.6457648465863373,0.478073776447967,0.25003986627240843,0.5562948478899453,0.38860377775157506,0.1605698675760165,0.6237588904895224,0.39572498031396386,0.22803391017559363,0.5375564761082241,0.4257624293493107,0.2737398225656049,0.5825325045079423,0.43050989772423653,0.318715850965323,0.5228858387103476,0.3708632319266419,0.2590691851677284,0.4158392603263599,0.5171843121689561,0.40316735708117685,0.3193218220119918,0.4368993783809655,0.39216437903276946,0.4137474497351719
Sabon Gari Wuse,0.3890783500245908,0.26646062036433865,0.21342210750403334,0.008475950243246998,0.6385870699024436,0.5855485570421383,0.3806023997813519,0.4629308273818862,0.25798467012109977,0.20494615726079451,0.431375346763791,0.39601633819025417,0.25938556668306323,0.3142711850834194,0.17764041357622848,0.14228140500269162,0.5623554847754894,0.42572471326829847,0.39036570469476156,0.30862055158792684,0.4260045887032385,0.3235315100728453,0.2970122536426927,0.23570338881256656,0.4217666135816191,0.34080367096259245
Sahonrami/Saho-Rami,0.50364268080606,0.6704024937445946,0.6839901205798122,0.29339651391831656,0.5872521467140472,0.6008397735492649,0.21024616688776918,0.7675995864877995,0.3770059798263038,0.39059360666152143,0.587099107088234,0.596157524978379,0.3357617872040486,0.7073307336040688,0.44693499582973834,0.4559934137198834,0.6518971689170372,0.39150143114270675,0.40055984903285186,0.5117330576585416,0.6356211336469297,0.4403243303161819,0.4471181437337907,0.5304980502030581,0.48892287668778434,0.5084969069175489
Sakpe,0.44343153813279884,0.6939080363472425,0.6037745900450662,0.3279235567470679,0.4814924609859085,0.39135901468373213,0.11550798138573393,0.6418355128981758,0.36598447960017755,0.2758510332980012,0.53961067848865,0.47952171428719903,0.2956210254218669,0.6465060464301615,0.4626053575648293,0.4025163933633784,0.5048956628559388,0.32099497399060667,0.26090600978915574,0.4278903419321181,0.5426335255154873,0.40470800886648817,0.3596412857154,0.48487953482262186,0.3786717471419548,0.43410682041239046
Salka/Auna East Central,0.5386575222674205,0.47495878074917885,0.3791291595523476,0.2131296683420712,0.5873569663324938,0.49152734513566254,0.32552785392538613,0.4278286036174209,0.2618291124071445,0.1659994912103133,0.5336577564496977,0.4697713423184769,0.35910501484495927,0.42730551463964916,0.31663918716613154,0.25275277303491067,0.5022376383618591,0.39157131088834146,0.32768489675712065,0.2852190690782929,0.4832430629424207,0.40024331733728247,0.3523285067388669,0.3204791359797461,0.37667822877140356,0.3865944503539439
Sarki Power,0.4831047126813262,0.8548414867698453,0.6465507581296597,0.4201853318230951,0.49757553580499025,0.2892848071648047,0.0629193808582401,0.6610215812533238,0.43465615494675913,0.22636542630657355,0.6118405784187205,0.4729800926585968,0.32206980845422045,0.7208046087176095,0.5698943245132332,0.4310338387531094,0.4826273080743729,0.3317170238699965,0.1928565381098728,0.4406810541688855,0.572063146967325,0.45888043381404264,0.35473506949394984,0.5406034565382094,0.3619704810557819,0.45765051757386177
Shagunnu,0.4180748573020445,0.5023246289152777,0.46017336473929477,0.14116070929963007,0.6380780676180932,0.5959268034421101,0.2769141480024455,0.6801765750553435,0.36116391961567873,0.31901265543969576,0.5194925179451385,0.4913916751611498,0.2787165715347067,0.547558189569972,0.33488308594352884,0.3067822431595402,0.6380604820385156,0.42538537841207247,0.3972845356280838,0.453451050036906,0.549125716178694,0.3896193884588616,0.3685437563708701,0.4106686421774868,0.4785453615288945,0.43930057294296143
Shako,0.5719751668806469,0.8642205649877825,0.6650629104467217,0.4792785386350614,0.4776386545983506,0.2784810000572898,0.09269662824562953,0.5707263981644254,0.38494202635276514,0.18578437181170435,0.6379447954889267,0.5051730257948861,0.381316777920446,0.7000032911996432,0.5761470433252031,0.4433752736311625,0.4422820176066886,0.3184257697322484,0.1856540000382079,0.380484265442965,0.5713507825225361,0.47845859661670603,0.3788797693461756,0.5250024683997434,0.3317115132050275,0.4570806260180377
Shambo,0.4238954157871781,0.3355619405195734,0.2936943774166473,0.0798213487603659,0.5998146587860322,0.5579470956831062,0.34407406702682475,0.4696136204155015,0.25574059175922004,0.21387302865629398,0.4530906716975946,0.42517896296231056,0.2825969438581229,0.36628997945057407,0.22370796034638643,0.19579625161110237,0.5424584582948799,0.3998764391906924,0.37196473045540834,0.31307574694367185,0.44675451810133976,0.3398180037731991,0.31888422222173607,0.2747174845879337,0.4068438437211631,0.3574036144810743
Shatta,0.3124046883258617,0.5104239397850656,0.3176648593478401,0.2238649687251937,0.37509869066055324,0.18233961022332765,0.08853971960068127,0.38035886168253163,0.28655897105988526,0.09379989062265967,0.39930910625716026,0.27080305263234317,0.2082697922172456,0.4028158869384791,0.34028262652338154,0.21177657289856452,0.3125990541888042,0.2500657937737066,0.12155974014888953,0.2535725744550255,0.3463817750041967,0.2994818296928735,0.2031022894742607,0.30211191520386266,0.23444929064160647,0.27710542000336
She/Gunu,0.42826243825961685,0.6813933147796685,0.5031141631961565,0.344176434768741,0.4213028835018375,0.24302373191832563,0.08408600349091006,0.4961546084383772,0.3372168800109616,0.15893772842744977,0.5103195455137076,0.39146677779136635,0.2855082921730893,0.5602206954714007,0.4542622098531237,0.33540944213078244,0.38682707461951343,0.2808685890012364,0.16201582127889516,0.3307697389589295,0.46220852334899704,0.38273965913528923,0.2936000833435333,0.42016552160355913,0.2901203059646436,0.36976681867920447
Sidisaba,0.21405812873564106,0.5074862640487292,0.3427691584264258,0.18972667773015348,0.3420910373240904,0.17737393170178695,0.024331451005514614,0.47080206701487515,0.31775958631860285,0.15304248069629936,0.3545451433694869,0.2447337396212846,0.14270541915710305,0.4403524964966767,0.33832417603249515,0.2285127722842929,0.33008901201358415,0.22806069154940264,0.11824928780120031,0.31386804467659246,0.34243009787525813,0.26590885752712196,0.18355030471597023,0.33026437237251427,0.2475667590101949,0.27394407830021195
Sojmajiko,0.3069092619442653,0.5110523991735254,0.48831205286084595,0.20033986902438364,0.4172819230690415,0.39454157675636203,0.10656939291989974,0.5986847139856222,0.31071253014915984,0.2879721838364804,0.41174786139561076,0.3965876305204911,0.20460617462951625,0.5326830553399978,0.34070159944902295,0.3255413685739033,0.47016940460367523,0.27818794871270036,0.2630277178375807,0.3991231426570874,0.4527969879649437,0.3088108960467126,0.2974407228903728,0.39951229150500284,0.3526270534527609,0.3622375903719586
Suteku,0.46620067396527376,0.2661753502584464,0.36216644070194604,0.14330963081949052,0.44575676258479735,0.541747853028297,0.32289104314584144,0.3417225293214696,0.12286571943901411,0.21885680988251371,0.39271092893617254,0.4567049892318389,0.3108004493102019,0.3233547734272873,0.17745023350565034,0.24144429380131674,0.44307571497818793,0.29717117505655094,0.3611652353522174,0.2278150195476658,0.4039616016433717,0.29453319670214395,0.3425287419238937,0.24251608007048003,0.3323067862336555,0.323169281314709
T/Bube,0.5270435312640115,0.31600871668637265,0.42065607472890637,0.027043531264025245,0.7889651854223612,0.8936125434648948,0.5000000000000137,0.6825777288872559,0.2889651854223748,0.39361254346490854,0.5440058111242484,0.6137707164859375,0.35136235417601674,0.473080840100845,0.21067247779092424,0.2804373831526134,0.7883851525915041,0.5259767902815832,0.5957416956432723,0.45505181925817967,0.6048106300756337,0.4080043583431931,0.46032803736446,0.35481063007564057,0.5912888644436349,0.4838485040605125
T/Wada N,0.3610934970374101,0.5204958594903657,0.24364726635170741,0.24364726635170933,0.394294823824361,0.11744623068570267,0.11744623068570458,0.27684859313865834,0.2768485931386602,1.9036665722733447e-15,0.4252947267840456,0.24072899802494008,0.24072899802494133,0.3469972396602438,0.34699723966024504,0.16243151090113955,0.26286321588290734,0.26286321588290856,0.07829748712380305,0.18456572875910682,0.3189710450880342,0.31897104508803514,0.180546748518706,0.2602479297451838,0.19714741191218144,0.2551768360704281
T/Wada S,0.3489846579088499,0.5369534969751201,0.234913256984716,0.23153842722315443,0.42286130043767545,0.12082106044727141,0.11744623068570986,0.3087898995135415,0.30541506975197996,0.0033748297615759275,0.4362664851072151,0.23490632511361242,0.2326564386059047,0.3602188844911259,0.3579689979834182,0.15660883798981545,0.28415742013282946,0.2819075336251217,0.08054737363151906,0.20585993300903246,0.3288872787111957,0.32719986383041494,0.1761797438352129,0.27016416336834803,0.21311806509962566,0.26310982296895946
Tagagi,0.29259323943176485,0.6113875035135978,0.571271800160962,0.23508522152225328,0.433810299900874,0.3936945965482381,0.05750801790952937,0.7124888606300711,0.3763022819913624,0.3361865786387265,0.4459303476154122,0.41918654538032163,0.19506215962118248,0.6317160547682102,0.4075916690090711,0.3808478667739806,0.5133312523597278,0.2892068666005886,0.262463064365498,0.47499257375338666,0.502541050030918,0.3344477607115636,0.31438990903524566,0.47378704107616215,0.38499843926980026,0.40203284002473794
Takuti/Shaku,0.36035072779048544,0.5587769939810145,0.4069996343330664,0.2391411418504219,0.44084543807067245,0.2890680784227242,0.12120958594007974,0.48749434461325336,0.3196358521306089,0.1678584924826607,0.4533243866140575,0.352139480182092,0.24023381852699568,0.48442365764244477,0.3725179959873484,0.271333089555383,0.40580262036888337,0.293896958713787,0.19271205228182153,0.3249962297421743,0.4239225362018694,0.3399932899605472,0.26410461013657305,0.36331774323183763,0.3043519652766666,0.3391380289614988
Tegina Central,0.40042853502435194,0.5573502850612918,0.45786805817369536,0.2146023682721396,0.5285740835413937,0.42909185665379723,0.18582616675224148,0.5860136066907371,0.3427479167891813,0.2432656899015849,0.4954509678756791,0.42912948328394823,0.266952356682911,0.5337439833085748,0.3715668567075376,0.3052453721158066,0.514559848961976,0.3523827223609388,0.28606123776920783,0.3906757377938344,0.4932210708575445,0.3715882259067666,0.32184711246296843,0.4003079874814383,0.3859198867214893,0.3945768566860414
Tegina West,0.39772498062452,0.49633242083764584,0.5675796690993847,0.20613981260573266,0.4817777762507399,0.5530250245124788,0.1915851680188267,0.6516324647256047,0.29019260823195253,0.3614398564936914,0.4586117259043019,0.5061098914121279,0.26514998708302645,0.5718481848875451,0.33088828055844366,0.3783864460662696,0.5621450884962744,0.32118518416717307,0.368683349674999,0.4344216431504162,0.5246787226750623,0.34395879442823624,0.37958241855910574,0.42888613866566866,0.42160881637221564,0.4197429781400578
Tufa,0.41984297154348926,0.6423730226515285,0.4450006145982025,0.3077687469360659,0.4466785003229185,0.24930609226959255,0.11207422460745593,0.4718361433776318,0.3346042757154951,0.13723186766216922,0.5029648315059787,0.3713832261370948,0.279895314362337,0.5197365935424543,0.42824868176769654,0.2966670763988125,0.3892735786567143,0.2977856668819565,0.16620406151307257,0.314557428918432,0.4458395574605605,0.3772236236294922,0.27853741960282924,0.38980244515684886,0.2919551839925439,0.3566716459684549
Tukunji,0.4346472852577018,0.6018551266283745,0.6326436070612468,0.24593341916226474,0.5446355735615658,0.5754240539944381,0.188713866095456,0.7426318953651108,0.35592170746612867,0.38671018789900097,0.527045995149214,0.5475716487711288,0.28976485683847414,0.6590435430182441,0.40123675108558926,0.42176240470750415,0.6208971743070383,0.36309038237438346,0.38361603599629834,0.49508793024341347,0.5886395903114063,0.39528449636191526,0.41067873657835136,0.49428265726368775,0.4656728807302834,0.4709116722491289
Tunga Bunu,0.39398405266691183,0.2981467935338103,0.2231273147615384,0.03747369313846097,0.6171834599238133,0.5421639811515413,0.3565103595284639,0.4463267220184398,0.26067310039536234,0.18565362162309046,0.4364381020415118,0.38642511619333053,0.2626560351112789,0.32253361010459614,0.19876452902254452,0.1487515431743633,0.5352247210312648,0.41145563994921325,0.3614426541010319,0.29755114801229754,0.4201553873426758,0.3273285765311371,0.2898188371450012,0.24190020757845035,0.4014185407734519,0.33612430987414327
Tunga Magajiya,0.40539592918654876,0.2883001853179043,0.10659505039170442,0.028125616820487677,0.6374448808634807,0.4557397459372808,0.37727031236606406,0.3386440020686363,0.2601745684974196,0.07846943357121969,0.4437136651226446,0.322576908505178,0.2702639527910335,0.244513079259415,0.19220012354527052,0.07106336692780392,0.4772762096231326,0.4249632539089881,0.3038264972915215,0.22576266804575854,0.37201996562759254,0.3327852488419842,0.24193268137888424,0.183384809444562,0.35795715721735016,0.2976159725020746
Tunga Wawa,0.536697120273259,0.49541814728455413,0.407924390237685,0.23797518487083316,0.5561648978161662,0.4686711407692971,0.29872193540244524,0.4273921677805923,0.25744296241374043,0.1699492053668713,0.5294267217913265,0.471097550426747,0.3577980801821792,0.4435782351009438,0.3302787648563759,0.2719495934917965,0.4840760687886852,0.3707765985441173,0.3124474271795379,0.2849281118537347,0.4820446440269257,0.39707004134349977,0.35332316282006515,0.3326836763257127,0.3630570515915188,0.3856357152215445
Tungajika/Auna South,0.5442305528810171,0.6176422408991239,0.7419631526055939,0.27274744626254055,0.6163779012550871,0.740698812961557,0.2714831066185037,0.8141105009796639,0.34489479463661055,0.4692157063430806,0.5927502316784093,0.6756308394827227,0.3628203685873537,0.7245719648281272,0.4117614939327583,0.4946421017370716,0.7237290717321027,0.41091860083673376,0.49379920864104704,0.5427403339864516,0.6791705269303405,0.44456267375881375,0.5067231296120488,0.5434289736211022,0.5427968037990838,0.5433364215442779
Tungamallam/Nikuchi,0.4089011919507198,0.5758390189489875,0.5226751405727389,0.26933724999568026,0.4460657109083638,0.39290183253211514,0.1395639419550565,0.559839659530383,0.30650176895332426,0.2533378905770756,0.476935307269357,0.4414927216851912,0.27260079463381887,0.552784606350703,0.3838926792993307,0.34845009371516494,0.4662690676569539,0.2973771406055815,0.26193455502141577,0.37322643968692765,0.48437042574055134,0.35770148045202205,0.3311195412638977,0.4145884547630316,0.3497018007427197,0.3874963405924445
Tutungu Jedina,0.34315053099508386,0.5278805460039628,0.3721358865671165,0.22570430030939886,0.4196224763802844,0.26387781694343804,0.11744623068572034,0.448607831952317,0.30217624569459933,0.14643158625775302,0.4302178511264437,0.32638807816854615,0.22876702066340102,0.4495414215077988,0.35192036400265364,0.2480905910447561,0.3773693750920131,0.279748317586868,0.17591854462897047,0.2990718879682231,0.39587918147370044,0.3226633883448416,0.24479105862641842,0.3371560661308579,0.2830270313190187,0.3167033451789674
Ubandoma,0.3008316752677718,0.5276579098939195,0.3380530629259174,0.2330847033444266,0.3623201784728525,0.1727153315048504,0.06774697192335961,0.39954156613099806,0.2945732065495073,0.10496835958150516,0.39693658787818126,0.2705333565661799,0.20055445017851936,0.421750846316945,0.35177193992928446,0.2253687086172831,0.31152569203623365,0.24154678564857315,0.11514355433657174,0.26636104408733685,0.35018662069938494,0.29770244090863957,0.2029000174246385,0.31631313473771233,0.23364426902717886,0.2801492965595108
Umaru Majagi A/Umaru Majigi  I,0.2582316051225619,0.6085930688679262,0.25215081147996365,0.2418892925396648,0.38304608891118186,0.02660383152321935,0.016342312582920467,0.37696529526858363,0.36670377632828477,0.01026151894032226,0.41662358763388996,0.17899541604191496,0.17215440341504906,0.4125697252054912,0.40572871257862525,0.16810054098665025,0.26220507190099496,0.25536405927412903,0.017735887682154027,0.25131019684573025,0.31759845019557276,0.3124676907254233,0.13424656203144208,0.3094272939041242,0.19665380392575207,0.25407876015646286
Umaru Majagi B/Umaru Majigi  II,0.27380046148327586,0.5984102044785735,0.276196602343212,0.2574581489003715,0.3572943681611152,0.035080766025753767,0.016342312582913226,0.3596905090210514,0.34095205557821084,0.018738453442849436,0.4098350113743215,0.19502594328408054,0.18253364098885352,0.411432438614279,0.39894013631905195,0.18413106822881098,0.25068854773597343,0.23819624544074644,0.023387177350505477,0.23979367268070387,0.3167454852521636,0.30737625853074335,0.14626945746306264,0.30857432896071146,0.1880164108019823,0.25339638820173266
Usalle,0.5323642502497407,0.6120158034188689,0.4889590305177904,0.27005094222555026,0.6042781692175512,0.4812213963164727,0.2623133080242326,0.5608729494856008,0.3419648611933608,0.2189080882922823,0.5828860742953869,0.5008482256946679,0.35490950016650785,0.5539492611407534,0.4080105356125933,0.3259726870118743,0.5487908383398749,0.40285211281171485,0.32081426421099585,0.3739152996570813,0.5466185998676708,0.4371645557215507,0.3756361692710115,0.4154619458555756,0.4115931287549167,0.43729487989414506
Wadata,0.2676235739283777,0.5574075553912448,0.25326096052949304,0.25128126134547263,0.3224686066286846,0.018322011766932912,0.016342312582912518,0.3081059932297999,0.3061262940457795,0.0019796991840278742,0.382499911982769,0.1797355154082679,0.17841571595225428,0.37292483638351265,0.371605036927499,0.16884064035299784,0.21629887054180583,0.2149790710857922,0.012214674511291101,0.20540399548653576,0.28786478357908885,0.28687493398707864,0.13480163655620278,0.27969362728763636,0.16222415290635622,0.2302918268632726
Wamba,0.5134766217812441,0.5605111249621225,0.5690692880711908,0.22869140213909328,0.6166049424651923,0.6251631055742606,0.284785219642163,0.6721976087551391,0.3318197228230415,0.3403778859321098,0.563530896402853,0.5692363384755652,0.3423177478541668,0.6005926739294841,0.37367408330808577,0.37937952538079794,0.637988552264864,0.4110699616434656,0.4167754037161778,0.4481317391700968,0.5928371152681916,0.4226481723021428,0.42692725385667696,0.4504445054471162,0.47849141419865104,0.4742696922145558
Wambai,0.5013377069525733,0.7496997744275601,0.41758507521036337,0.913211219177686,0.4246150430247615,0.09250034380756478,0.5881264877748874,0.34086241128255157,0.8364885552498742,0.5043738560326774,0.5585508414682984,0.3371410419901671,0.6675584713017155,0.5027157536401583,0.8331331829517067,0.6117233834735756,0.28599259937162597,0.6164100286831743,0.3950002292050432,0.5605749408550343,0.42110005911756243,0.6689131311012237,0.5028557814926253,0.6270368152301187,0.46449444952871943,0.5368800472940499
Warari,0.4526942482243381,0.38608635740033886,0.39323572373529814,0.11330346884231246,0.6121736679400778,0.6193230342750371,0.3393907793820514,0.5527151434510378,0.27278288855805216,0.27993225489301143,0.4836514245215849,0.4884176687448911,0.30179616548290067,0.44401240819555826,0.2573909049335678,0.262157149156874,0.5947372818887176,0.4081157786267271,0.41288202285003334,0.3684767623007004,0.502704695837688,0.3627385683911951,0.3663132515586748,0.3330093061466751,0.4460529614165446,0.4021637566701555
Wawa,0.6081805580488834,0.6476495219433682,0.6802292564182835,0.3174723591130882,0.6208853617661054,0.6534650962410207,0.2907081989358254,0.6929340601355054,0.3301771628303102,0.3627568973052255,0.6255718139194523,0.6472916369027292,0.40545370536593234,0.6736042794990524,0.43176634796225555,0.4534861709455324,0.6557615060475439,0.413923574510747,0.43564339749402387,0.461956040090347,0.6505573090921944,0.4691788604395968,0.4854687276770544,0.5052032096242969,0.4918211295356655,0.5204458472737616
Wuse East,0.5559417323062578,0.8105744498754011,0.4770424166409653,0.4678152445313937,0.430885693118918,0.09735365988448229,0.08812648777491068,0.3519863774536255,0.3427592053440539,0.009227172109618206,0.5991339584335256,0.37677926961056846,0.3706278215375207,0.546534414656664,0.5403829665836163,0.31802827776065906,0.2934085768190086,0.2872571287459609,0.06490243992300372,0.2346575849690992,0.4539640548799416,0.44935046882515584,0.282584452207938,0.40990081099250963,0.2200564326142681,0.3631712439039626
Wuse West,0.5559417323062578,0.8264571356676915,0.4770424166409653,0.4678152445314067,0.44676837891120846,0.09735365988448229,0.08812648777492366,0.367869063245916,0.3586418911363574,0.009227172109631188,0.6097224156283859,0.37677926961056846,0.3706278215375294,0.5571228718515243,0.5509714237784852,0.3180282777606677,0.3039970340138689,0.2978455859408298,0.06490243992301238,0.2452460421639682,0.46190539777608686,0.45729181172130756,0.2825844522079445,0.41784215388866136,0.22799777551041983,0.369524318220884
Yamma,0.5432938304548095,0.49935426978792496,0.3867348959953134,0.22909047955421882,0.5844671411343385,0.47184776734172695,0.3142033509006324,0.4279082066748425,0.2702637902337479,0.1576444164411363,0.542371747125691,0.46729216459728323,0.3621958869698869,0.43799912415269365,0.3329028465252972,0.25782326399688954,0.494741038383636,0.3896447607562396,0.31456517822783187,0.28527213778324223,0.48560101856482596,0.4067788103442787,0.3504691234479729,0.32849934311453066,0.37105577878773743,0.38848081485186914
Yangalu/Ibelu East,0.4807283714799807,0.44557866684878034,0.3564116164979109,0.16479338719230163,0.5967202639441759,0.5075532135933065,0.3159349842876972,0.47240350896210614,0.2807852796564968,0.19161822930562744,0.5076757674243123,0.44823106719039935,0.32048558098665986,0.4247979307695991,0.2970524445658596,0.23760774433194665,0.5255589954998628,0.3978135092961233,0.3383688090622104,0.31493567264141015,0.47656594022104337,0.38075682556823875,0.3361733003928041,0.3185984480772039,0.39416924662490166,0.38125275217683835
Zuma East,0.541483658719781,0.7270223075111111,0.45703557272094947,0.45335717094491956,0.3617916243411048,0.09180488955094328,0.08812648777491333,0.2773435383422733,0.2736651365662434,0.0036784017760818615,0.5434325301906656,0.3634413736638913,0.36098910581320465,0.4871338061914447,0.48468153834075806,0.3046903818139836,0.2436466840781071,0.24119441622742052,0.061203259700646155,0.18489569222819954,0.40941359853102716,0.4075743976430122,0.27258103024793146,0.3653503546435965,0.18273501305859333,0.3275308788248321
Zuma West,0.5007562300606405,0.6264526703044999,0.44152823481231795,0.4126297422857645,0.3019494157936341,0.11702498030145225,0.08812648777489877,0.24272142054531162,0.21382292801875816,0.028898492526576267,0.47638610538625814,0.3531031483914702,0.3338374867071013,0.43690077522070986,0.4176351135363409,0.2943521565415529,0.22056527221346597,0.20129961052909698,0.0780166535343091,0.1618142803635487,0.37173882530297603,0.3572895790396993,0.2648273612936084,0.3276755814155381,0.16542395416010516,0.2973910602423854
Zungeru,0.319626889676798,0.49347899893643477,0.31445828513529084,0.17596015094522469,0.4611855867228325,0.2821648729216885,0.1436667387316224,0.4560169821813253,0.3175188479912592,0.1384981341901152,0.42476382511202176,0.30541668257792576,0.21308459311788167,0.4213180887510169,0.3289859992909729,0.2096388567568769,0.3997891472752821,0.307457057815238,0.18810991528114204,0.3040113214542332,0.38782193592906167,0.3185728688340286,0.2290625119334566,0.31598856656327495,0.2998418604564738,0.31025754874325917
