WardName,normalization_x.1,normalization_x,normalization_lga_code,normalization_population,normalization_mean_evi,normalization_mean_ndvi,normalization_mean_rainfall,normalization_distance_to_water,normalization_rh_mean,normalization_temp_mean,normalization_housing_quality,normalization_pfpr,normalization_avgrad,normalization_flood,normalization_ndwi,normalization_ndmi,normalization_elevation,normalization_mean_soil_wetness,normalization_settlement_type,normalization_u5_tpr_rdt,normalization_totalarea,normalization_urbanarea,normalization_urbanpercentage,normalization_building_height
Adahe,0.0,0.0,0.041666666666666664,0.06433963188981202,0.5952900602590535,0.6092784426529905,0.05003731143283588,3.6467999453656036e-14,0.4298367944925479,0.7118007020147777,0.8452466671479245,0.4788812998028765,0.0037700962515616163,0.7620620732764344,0.11857900875761522,0.03893126597607537,0.19485765712049793,0.8664092867720573,1.0,0.5735686725204152,0.04289791880615903,1.0,1.0,0.0047341130727600565
Adono,0.0036496350364963502,0.003472222222222222,0.75,0.09627968531725609,0.7037334920721454,0.6998165197128438,0.9383515289958547,1.2262969184424388e-14,0.6389028747447121,0.1947499925631611,0.3445594372468151,0.8894084098212653,0.004412971158023729,0.10007647679681313,0.0951634721123759,0.41594281991654086,0.0045070145473895245,0.8690172097893636,1.0,0.5878486192875929,0.0325550142192395,1.0,1.0,0.011624999595659078
Agwata,0.0072992700729927005,0.006944444444444444,0.041666666666666664,0.08846163272308409,0.5273455595762805,0.5108358088257475,0.08910300435066283,5.145149039789716e-14,0.32736888566790534,0.7223282666977744,0.43451229518317985,0.36797291378343827,0.006801978180986548,0.6162425709518861,0.13700371830990482,0.08955550164165688,0.26124294207151183,0.8982188191866823,1.0,0.5906142219431021,0.02651024494593029,1.0,1.0,0.015415877218888594
Akari,0.010948905109489052,0.010416666666666666,1.0,0.1288263117907997,0.745004454055991,0.7114632020415425,0.39442803558483575,2.993599276040371e-14,0.4487370848897655,0.33975481511976136,0.5740751147516999,0.8445448971469716,0.0015977058726429573,0.12098187911838736,0.1007321229999203,0.39842952769526824,0.3838775945666474,0.6358286153110255,1.0,0.42927457518823287,0.07646155024517867,1.0,1.0,0.012301575537586866
Allawa,0.014598540145985401,0.013888888888888888,0.875,0.17596745337352646,0.8362550966478639,0.868576973139521,0.5651439282666955,2.5580141150233577e-14,0.2323895813107879,0.29663117822946505,0.8018130997524863,0.7397541063272071,0.02562952743826698,0.0619902390694878,0.030294577731625465,0.7158079572233746,0.03537642859836247,0.870330470174193,1.0,0.7311620328826482,0.15297372684392918,1.0,1.0,0.007297817483534587
Anaba/Ibelu West,0.01824817518248175,0.017361111111111112,0.5416666666666666,0.24335220449476755,0.6128186282222251,0.6381189124503654,0.2503559669364258,2.912239408521147e-14,0.28138129847042953,0.6625474699179317,0.420863205730688,0.6525179129706056,0.0071398076640451814,0.612733727553978,0.10454939067223047,0.1192413653362793,0.15492724748917444,0.9805296890036042,1.0,0.5002532853318843,0.06641265158974528,1.0,1.0,0.0509045664831239
Arewa,0.021897810218978103,0.020833333333333332,0.4166666666666667,0.11526113275984609,0.44593285182206427,0.47977764146926494,0.4797328934182287,4.754686500903979e-14,0.1950401221991371,0.628406701801223,0.08057928763508475,0.856949151657658,0.1275781095650949,0.6492132225482375,0.15903082453018275,0.14681233512871977,0.07216502515952455,0.8603596711826574,1.0,0.2613765950359918,0.002388747045700464,7.984812189413006e-17,7.552165765098108e-12,0.004852178195773602
Arewa/Yamma,0.025547445255474453,0.024305555555555556,0.4583333333333333,0.19241844962380217,0.6795721447623488,0.6694486108310097,0.5053695564704042,2.4863466911341433e-14,0.5636225115269239,0.2561837089891762,0.045109025575306494,0.6060724555531801,0.009616960543443423,0.2757690352955596,0.1081014337132028,0.3622227658507168,0.17994235934187958,0.6250264148844372,1.0,0.33126600253492605,0.015878354285880483,6.353803191357117e-17,4.3488476390368124e-11,0.2640396192324588
Auna,0.029197080291970802,0.027777777777777776,0.5416666666666666,0.19381540572997083,0.530785930076747,0.5722489181193009,0.31730643506776823,1.6494278193699126e-14,0.40808943155494554,0.5540053942649165,0.4517977212677721,0.4915461011759715,0.009939734990414196,0.8141278515466532,0.12185648533539382,0.05879403051278895,0.20765692556023607,0.5887721621008404,1.0,0.4610178943686691,0.041937931581088356,1.0,1.0,0.04485360575837923
Babana,0.032846715328467155,0.03125,0.125,0.47207925887802366,0.8035483446319924,0.8815228493944405,0.3995707099334723,1.9317060234069135e-14,0.14854906198556148,0.751149502011163,0.7589656304136402,0.46761344434315855,0.006017541692006812,0.19161916046054764,0.05053066227063665,0.21693582394755156,0.108482568199614,0.6562987446788695,1.0,0.5206294836105635,1.0,1.2594927664367826e-16,5.1540862181795004e-09,0.008547231638704408
Babanrami,0.0364963503649635,0.034722222222222224,0.625,0.587389407641595,0.5649211305375679,0.5999782981103062,0.49869974632030856,2.138899745360056e-14,0.2942866946296214,0.5647494064214426,0.4943697077930511,0.8259644966634895,0.0036703121411425263,0.6062558131045515,0.09139992219114622,0.18026641465493348,0.09923188382993722,0.7356587280927727,1.0,0.4479596719009714,0.11760738153567077,1.0,1.0,0.05278116250690761
Badegi,0.040145985401459854,0.03819444444444445,0.375,0.15473739676004217,0.6501246869564649,0.6415835288002592,0.3616258197086669,1.9696690720692762e-14,0.5261895110587427,0.12479584293438807,0.200436675660077,0.567100355019228,0.015989611845833557,0.3328818798033719,0.0720438080494046,0.3700671490361537,0.4847664578189245,0.22388828051507131,1.0,0.3272033060944714,0.030588880505019816,1.0,1.0,0.01209364994547894
Bagama A,0.043795620437956206,0.041666666666666664,0.9166666666666666,0.13190819302502266,0.4653036716165993,0.5551091061645892,0.8264224383553719,2.8801661285360394e-13,0.7930324673181405,0.17625297554977476,0.0080920748585685,0.33970491588430635,0.34617265423381305,0.031285242280860756,0.22541455594274745,0.31982627589903445,0.029307436493095505,0.8690172097893636,0.8703703703703709,0.3045064363349597,0.004869250906466545,3.1207173979889965e-17,6.740291199460104e-12,0.04401771314457404
Bagama b,0.04744525547445255,0.04513888888888889,0.9166666666666666,0.14302257186971545,0.4979558624376377,0.5620833024401386,0.8465967419683705,3.801661282368843e-14,0.7930324673181405,0.17625297554977476,0.0080920748585685,0.33970491588430635,0.5426003315937155,0.0193633199458952,0.27098388398446266,0.2928523453878585,0.029307436493095505,0.8690172097893636,0.5757575757575754,0.30415157898353445,0.0020069193064485686,5.522504027532091e-17,4.254824208761731e-12,0.023778330997697484
Bakeko,0.051094890510948905,0.04861111111111111,0.375,0.18748008724848664,0.5667419827921998,0.5752442352087328,0.24598425964051823,2.668621567123779e-14,0.5417949483121843,0.06464117885618684,0.4073687270832997,0.38682802532347677,0.006562692825463301,0.609834507565988,0.11008367461937257,0.23266351224648635,0.4578019811299827,0.0,1.0,0.28525356681414327,0.024931783560976212,1.0,1.0,0.03375797245413524
Bangajiya,0.05474452554744526,0.052083333333333336,0.875,0.5143371810896258,0.5451334999542622,0.5526087184646832,0.44537929531220555,2.587713563898256e-14,0.5125255639538245,0.15427300567003116,0.47425026266346654,0.8126436248606927,0.010010288284813299,0.3837045905963112,0.13673999830789532,0.3242266627154169,0.11115644396964927,0.9337751399001232,1.0,0.4234323912977261,0.030943238510028986,6.346187622848494e-16,7.604926710759519e-10,0.028366006566284775
Bangi,0.058394160583941604,0.05555555555555555,0.5833333333333334,0.47316986496090974,0.5298162278455706,0.6142257015798357,0.41120907513490873,4.5338776741543493e-14,0.13665840953546465,0.6334933782256895,0.6227062016302178,0.8743879253425715,0.00866655451618223,0.620120745471017,0.1212005113064032,0.2850719034297948,0.03741927829064032,0.8106736480260878,1.0,0.6416374796271631,0.23759702741435754,9.08851169900314e-17,9.071663637432775e-10,0.021326093874126935
Bariki,0.06204379562043796,0.059027777777777776,0.08333333333333333,0.18189838982427764,0.680652891257252,0.747713879535277,0.5201275175956112,6.537313917658904e-15,0.5874951547761768,0.032684625165817556,0.003477156776342953,0.40002143750331165,0.2992284346748145,0.19302796076487672,0.12537868419558418,0.29522959065983195,0.2487343624982498,0.0,1.0,0.2244179939323902,0.07743869783864653,7.081553569157139e-17,2.3608749572759827e-10,0.022356963985545632
Baro,0.06569343065693431,0.0625,0.0,0.11960517608999338,0.7037975382416061,0.7241387784089216,0.42794462260105853,3.6882824502205493e-14,0.6517314130748936,0.07082980936841336,0.73165811338486,0.3291594467866314,0.005184528068691209,0.37371781345665567,0.09507330790960451,0.4207428049007034,0.5048045150888639,0.4600628469598658,1.0,0.28415053361908427,0.08729763778647291,1.0,1.0,0.0161432171724728
Barwa,0.06934306569343066,0.06597222222222222,1.0,0.04527240644070289,0.5390607425040176,0.7105816102919758,0.36672884565081626,3.880166128235351e-13,0.4237149187065801,0.31002184038316016,0.06834026144559607,0.5449602832099356,0.013440965685011477,0.5098393500457359,0.3647510920180037,0.31957966390828857,0.4973366955583731,0.823880669591909,1.0,0.0,0.0011730359640317997,3.937059989955654e-16,1.894037911729654e-11,0.022058839654863827
Bassa/Kukoki,0.072992700729927,0.06944444444444445,0.875,0.16038036418890766,0.7322960901913759,0.7470369237287089,0.5457976145521101,2.6150548946760847e-14,0.249335014504442,0.32635431374845525,0.7770315654589051,0.7761770823683052,0.0118073754296555,0.1383171077536287,0.07926868854178049,0.6149752756525398,0.08408683777302538,0.9020528050371578,1.0,0.6173920544138023,0.12223609338856678,1.0,1.0,0.029329804794112478
Batagi,0.07664233576642336,0.07291666666666667,0.2916666666666667,0.10041541063157121,0.6380051015129474,0.6470082354753196,0.41660186795713655,2.3120259360758995e-14,0.5555558031443059,0.11301875121339253,0.3034525507956138,0.549129214252159,0.01325412472751489,0.4751269148283717,0.08627043676314497,0.38603064979201246,0.621319257107244,0.44777656103014263,1.0,0.3616583992090673,0.012022576304063963,1.0,1.0,0.738153593888174
Batako,0.08029197080291971,0.0763888888888889,0.2916666666666667,0.16148322427272505,0.6439052873468326,0.6429378570639406,0.39397373015142945,1.2206862538597659e-14,0.5422260194124089,0.22625395755729102,0.5832057101398939,0.6400771831678878,0.0043807303835521815,0.3967230316511394,0.10050128660090911,0.2798191440809979,0.4663131642603,0.44777656103014263,1.0,0.43976577378473547,0.05002096089683026,1.0,1.0,0.8847169007324144
Batati,0.08394160583941605,0.0798611111111111,0.5,0.0830943803151729,0.8690194712439535,0.8677441045681584,0.6835456421155531,3.3678964485795103e-14,0.5610695018788084,0.29034416319808887,0.3717408710047355,0.7248456984135314,0.008380024812803834,0.0487274972103813,0.005188980387917905,0.4293533375986071,0.31393278551594894,0.5280582460237188,1.0,0.44916815811439825,0.03755075653554502,5.74253509972654e-17,9.49686105538957e-11,0.8873145553117381
Beji,0.08759124087591241,0.08333333333333333,0.16666666666666666,0.23544224689361076,0.5919027249549038,0.5570462494269872,0.3359175920746739,1.5645295744874715e-14,0.438391381221842,0.2458070174142281,0.3779073284725767,0.8818284000901107,0.0045586548787627116,0.4592130693779269,0.12530043637320112,0.243242565557898,0.15386358594332178,0.687215740777922,1.0,0.2542570744293715,0.04121446909027798,1.0,1.0,0.11202848346318293
Beni,0.09124087591240876,0.08680555555555555,0.7083333333333334,0.06194397470774208,0.7393655198722072,0.7325323095006482,0.9339317853605319,3.107216838223452e-14,0.5945259560864989,0.16558767713415296,0.4811267745404551,0.9043442263115247,0.002712077563407386,0.09161921844469015,0.07887982347944224,0.43385306456295925,0.015758142797903402,0.9345086071203584,1.0,0.6774045868492657,0.0338235536219385,1.0,1.0,0.8077381756678916
Beri,0.0948905109489051,0.09027777777777778,0.5833333333333334,0.308617013454893,0.6139516439803266,0.6664399223873629,0.5816282452951458,1.4024190444040736e-14,0.289093792897467,0.5078809108573407,0.5335256431096803,0.9776164952634545,0.015439707119457458,0.5319644386233463,0.12644141205211185,0.35685628948831444,0.08439915310450558,0.8593710524150675,1.0,0.693437760049267,0.14014083480160755,1.2435714541802906e-16,7.135013508327665e-10,0.7338880229017212
Birnin Maza,0.09854014598540146,0.09375,0.4583333333333333,0.46782712055486114,0.6449088643197444,0.651981739306135,0.6484146204239168,2.328407526869392e-14,0.6426722391801237,0.23316082798432874,0.3692301784773528,0.6816385128915599,0.00922453681398512,0.23161504107842637,0.1388322528134125,0.3272656402275647,0.1971232675178654,0.6250264148844372,1.0,0.37397538418130605,0.10002312700713312,1.0,1.0,0.033944376236787054
Bisanti,0.10218978102189781,0.09722222222222222,0.375,0.21803543857069332,0.651534438887935,0.6433518093546179,0.3255012580860115,2.331512751951589e-14,0.48969216885626077,0.21141699167031852,0.5814065124709372,0.7845956703909919,0.0052658760921323305,0.4045261270549539,0.10330860022578778,0.33529868747350716,0.5059249354671956,0.44777656103014263,1.0,0.4125626197214774,0.07641765631378075,1.0,1.0,0.4372079054552725
Bobi,0.10583941605839416,0.10069444444444445,0.5833333333333334,0.5814952331936377,0.5387906384195604,0.5897221550126759,0.4993411111507682,2.5316525429360046e-14,0.2949193774924141,0.43485704018799765,0.6286122503018655,0.9763157954117998,0.0024465783014392746,0.5325796310832565,0.13857763510910884,0.2065519264563889,0.13389946025047958,0.90964009151572,1.0,0.8744977934067751,0.14085635957629677,1.2435767469288285e-16,7.171489692183409e-10,0.1421414511783839
Bokani,0.10948905109489052,0.10416666666666667,0.6666666666666666,0.2857020317133544,0.6710713296468578,0.6841614299608177,0.5775715528405224,2.1157380577111756e-14,0.661265098945666,0.36197091856523833,0.7487063099767979,0.7624961427945064,0.0,0.14102078720684524,0.08548015150034642,0.23077376781239256,0.24029328693534044,0.6083399265659425,1.0,0.6273494986637518,0.07111331081196855,9.089522235158778e-17,2.711819413903055e-10,0.03325053320996556
Boku,0.11313868613138686,0.1076388888888889,0.0,0.14737886920079407,0.6801522096184766,0.6669752485181133,0.46980350585527475,3.840058598453284e-14,0.5563466568938885,0.19233619894484552,0.31854683060988453,0.6557116351677675,0.006049007964974196,0.4284712681998304,0.1022488567873383,0.3688962185193369,0.28451880750249037,0.6250264148844372,1.0,0.444283073935457,0.06734662149999723,1.0958008451586319e-16,3.047607654587617e-10,0.5242016557356076
Bono,0.11678832116788321,0.1111111111111111,0.3333333333333333,0.1166519618655491,0.694260905767223,0.6667320787469363,0.8431685311178433,2.718415717888478e-14,0.598054723112333,0.1947008041320746,0.40836203632947027,0.7065288851553091,0.010194103918216764,0.0612239598695458,0.09331285433455123,0.515123500961058,0.06839219331035327,0.8295036007505389,1.0,0.2864613833628989,0.03183237437558696,1.0,1.0,0.1765801110002034
Bosso 1,0.12043795620437957,0.11458333333333333,0.16666666666666666,0.33702178761365587,0.4486514187654622,0.45436136951861533,0.36162579420490304,1.0035242497372586e-14,0.447473946778564,0.20598595028637867,0.008055187317606249,0.553475519428775,0.2873112147858047,0.24581094928839692,0.20169246171781627,0.40080168409711375,0.1328737083279205,0.7899899872603613,1.0,0.40087116015119617,0.044430306225491004,1.0,1.0,0.4230705981080365
Bosso 2 Central,0.12408759124087591,0.11805555555555555,0.16666666666666666,0.23486630884983947,0.5627522152724869,0.5283796958689895,0.49275383373121767,1.078380205303811e-14,0.45203862087669394,0.17707943920134925,0.125427057202269,0.861880538642826,0.0708680185913385,0.17111660216534588,0.10244206680717818,0.518970331467241,0.09146781155259763,0.8618825635802422,0.14444444444444468,0.39842827659218805,0.005124074859000923,1.0,1.0,0.038617935046420075
Boyi,0.12773722627737227,0.12152777777777778,0.3333333333333333,0.07951008504276647,0.6412136950970215,0.6801732881207725,0.8940234266583601,8.001791170538068e-14,0.7930324673181405,0.17625297554977476,0.06366523284205246,0.499768846332549,0.20276893543709731,0.12020473083915913,0.11863938555806983,0.4370175871146073,0.007752619312243206,0.8690172097893636,1.0,0.12943677868435916,0.023079200203748186,1.0,1.0,0.12238526110961293
Bunsuru,0.13138686131386862,0.125,0.041666666666666664,0.10590520304879543,0.658913042283525,0.6543224578124213,0.025237145569617474,2.2063802228204232e-14,0.36217536042272047,0.7421305688679565,0.8357933282078779,0.5524029872548261,0.004265143442489476,0.5749953453792278,0.10933199516427039,0.07462745234831786,0.18806025317878597,0.7655885387598637,1.0,0.6210972135012579,0.03239341341840375,1.0,1.0,0.015756287185412
Bussa,0.13503649635036497,0.1284722222222222,0.125,0.4006813224517805,0.6632619240785115,0.7007450093575958,0.5760536351195082,2.7612985284545076e-14,0.6323198526690477,0.5417658746300679,0.08741567257688258,0.30620762075149954,0.2761700807693363,0.49399202023087957,0.1714868416465763,0.14838708055740435,0.24565821667404678,0.6225354556155314,1.0,0.3455768968312359,0.08057889846436159,1.9576891639028844e-18,3.423724112188455e-11,0.017912231715893533
Central,0.1386861313868613,0.13194444444444445,0.4166666666666667,0.08691762860573977,0.41853635323394495,0.5474507644803579,0.48141759631913755,8.801661282368153e-14,0.1950401221991371,0.628406701801223,0.007123729221904654,0.6251342891116469,0.6354852251740687,0.003302913948281731,0.3204007905272811,0.23007649276550746,0.07242505421741499,0.8603596711826574,0.6543209876543215,0.2889244197207159,7.715488792781874e-05,1.2297038119288266e-16,2.6567644257195134e-14,0.016811148766537776
Chachanga,0.14233576642335766,0.13541666666666666,0.16666666666666666,0.293140210278656,0.6326669537242127,0.6374182649145214,0.39631938859908283,6.126424289441748e-14,0.49572716220630486,0.2128141069725094,0.09400846785624954,0.9853872639752953,0.0860089059331631,0.23788180643360343,0.13253019626493195,0.3911461858344314,0.1726961280951066,0.7899899872603613,0.4444444444444448,0.3498657112326331,0.014529036311799996,2.2113059136220504e-17,1.663738973812528e-11,0.13548653096116425
Chenian,0.145985401459854,0.1388888888888889,0.08333333333333333,0.24117099232899541,0.5686265522327623,0.5680360803580049,0.5142277267783757,2.625753060571609e-14,0.5849220952298689,0.101241659492397,0.011433880091679359,0.2666945939022682,0.2091790453687628,0.19219790007994858,0.11984011702297193,0.32988405037309565,0.38691650214569706,0.22388828051507131,0.6410256410256409,0.3817561929572799,0.002023906032931149,2.8110433549387006e-17,2.077864285012647e-12,0.003334165148280582
Chimbi,0.14963503649635038,0.1423611111111111,0.75,0.15329142465014828,0.7017764347682028,0.7060234954934884,0.8537276887350487,1.532050967401924e-14,0.5896338014585003,0.1836124270160725,0.4225917821567429,0.7923488856517358,0.0057255351130098215,0.05168610003417195,0.09288161834254155,0.46477265478575913,0.015535034646220018,0.8690172097893636,1.0,0.40240350924464485,0.04063489031431281,1.0,1.0,0.023641242141323338
Cikin Gari,0.15328467153284672,0.14583333333333334,0.7916666666666666,0.30876406146606866,0.5771440082036441,0.6055001720901857,0.4711275296805696,2.0316821568569118e-14,0.20968985197305307,0.4104960715296568,0.6203488789514391,0.779415888932636,0.012847110589701505,0.35782125821299965,0.127473247100578,0.2720798359329477,0.09739611515871074,0.91768510616007,1.0,0.6591729279430893,0.059430999424355715,8.216996436637901e-17,2.067753146323961e-10,0.05156455878174286
Dabban,0.15693430656934307,0.14930555555555555,0.5,0.06014876357130603,0.8580755896164919,0.8714514359552828,0.7374262532045591,2.483224998636446e-14,0.5170735292331547,0.33503217443301897,0.619311290341109,0.8017394835684066,0.002020604425339644,0.06552231363725372,0.01825895014605723,0.410817255892883,0.3237189647512112,0.5280582460237188,1.0,0.5229957003506205,0.031833456120060055,9.089628105120646e-17,1.2110869531008777e-10,0.01704926396649052
Dandaudu,0.16058394160583941,0.1527777777777778,0.7083333333333334,0.1158983408082739,0.6920790639138394,0.6870219673995508,0.6983717783723472,3.376376180498091e-14,0.5828369147146032,0.1618981083549007,0.3609239878716378,0.8088193196273293,0.005752849614018558,0.09495565280069074,0.09591969384469576,0.3627868552117813,0.043169876914394764,0.8642607789832827,1.0,0.2480167510774668,0.054164267930820145,1.0,1.0,0.013893821848594338
Dangunu,0.16423357664233576,0.15625,0.7083333333333334,0.15973090213954858,0.7346084242813726,0.7356334660294199,0.7280547115109671,2.0647371795463727e-14,0.604858292699383,0.08597178334440982,0.4686904581896094,0.604951934581976,0.00620498495826251,0.31542557792058,0.15979238166390647,0.47862921061314434,0.03088547795340273,1.0,1.0,0.4681941416017869,0.047690616934315304,3.0940298509604586e-15,5.645658502434978e-09,0.05444475074812806
Danragi,0.1678832116788321,0.1597222222222222,0.8333333333333334,0.3434796461044531,0.3964019383911148,0.427752302091011,0.02654576792689565,2.704911783779901e-14,0.07190753946435995,0.7545406247321251,0.49316081812706253,0.7950063123098238,0.0045187628684427925,0.9113574805761885,0.16523716678091657,0.08069694451992511,0.07391879650386876,0.7343216218105394,1.0,0.4284637139097936,0.07430405908299731,1.0,1.0,0.18068856404558956
Dassun,0.17153284671532848,0.16319444444444445,0.5,0.1271781486655393,0.7812129881352767,0.821682911229741,0.6852037081202708,1.633379895369378e-14,0.6019443862525335,0.2940042143245,0.7516723271284381,0.8051717405821769,0.0009372703549229883,0.08726981290846218,0.04317998021692784,0.36434982253424336,0.20520781528733423,0.6083399265659425,1.0,0.5757071772598136,0.14986322711040176,5.203401471406215e-17,3.502757801761044e-10,0.048988073784976334
Daza,0.17518248175182483,0.16666666666666666,0.7083333333333334,0.12682890963899712,0.6725088871411402,0.6631319668690745,0.8631841681641277,2.1053355790693083e-14,0.5972059472825563,0.16334441974515743,0.47238140198374673,0.894316004041408,0.0025324429698512464,0.09250979270978794,0.1147156121309668,0.36000781824289585,0.014259767266556447,0.8690172097893636,1.0,0.6573263031416092,0.012952074881848758,1.0,1.0,0.040068577052585916
Diko,0.17883211678832117,0.1701388888888889,0.3333333333333333,0.11663358086415214,0.5664598264097974,0.5827917269927994,0.9941063351868675,2.2604119218500104e-14,0.7930324673181405,0.17625297554977476,0.024345589465192247,0.5235607731061844,0.1336769976951989,0.0924346641246733,0.12104099930567215,0.4444999910100543,0.006725205481831854,0.8690172097893636,1.0,0.32757777721392356,0.011613871502330196,1.2401872467439803e-16,5.865250316682633e-11,0.04883935813982227
Dogon Kurumi,0.18248175182481752,0.1736111111111111,0.9583333333333334,0.07626890179643654,0.6792988705440862,0.7359723693106952,0.9554707392746603,2.9843033185045146e-14,0.7930324673181405,0.17625297554977476,0.03674529772727966,0.7399024995960305,0.045840381991117375,0.2869250621334117,0.1365781353238387,0.3976291949530495,0.0029133968539398255,0.8690172097893636,1.0,0.38165036621279136,0.006376845789057182,1.0,1.0,0.08499368054110426
Doko,0.18613138686131386,0.17708333333333334,0.5,0.17768914050437468,0.637650512814919,0.6564917910387071,0.5328136355690375,1.7975111495231095e-14,0.5874951547761768,0.032684625165817556,0.19198346326621318,0.3726503149276714,0.003771132456770388,0.3357856002611306,0.06587911280291073,0.3166616769996522,0.40543960964499887,0.0,1.0,0.4685151234057174,0.05655203513691673,1.0,1.0,0.0336580458576104
Dokoza,0.1897810218978102,0.18055555555555555,0.08333333333333333,0.15491507977354607,0.6720292803985609,0.7299681914955631,0.5357611744298655,8.06582452404289e-15,0.5874951547761768,0.032684625165817556,0.009087104702492172,0.31823263644017974,0.2008970924948903,0.11724769712414228,0.1310683495101125,0.3342051148301195,0.2725464969338691,0.22388828051507131,0.12500000000000022,0.27780045055450586,0.007417963393684286,2.205565102399709e-17,8.062522809992998e-12,0.0557025275384414
Dugge,0.19343065693430658,0.1840277777777778,0.8333333333333334,0.04401024434477857,0.5572933461753462,0.5873130106085072,0.06422514535114728,3.3401018741815344e-14,0.08082302299238762,0.7553769276013134,0.640751068042805,0.7323201155725744,0.006149266093240354,0.5809959249355554,0.0977422240255063,0.12998085753816138,0.10772371118289233,0.7751147855901499,1.0,0.7567720424176582,0.04923815947274505,1.0,1.0,0.07929043784158382
Dukku,0.19708029197080293,0.1875,0.8333333333333334,0.443741881724383,0.578527185620067,0.6131858698976319,0.0006394566388403938,1.9557588028662008e-14,0.03678026770719611,0.8645782078634656,0.8541866287289582,0.8723085754245288,0.006410464926765236,0.5614062149618292,0.08715927702127844,0.10773832238134384,0.13168889955901356,0.8159079493697605,1.0,0.48793534715932885,0.24216448388976428,1.2434619960815966e-16,1.2330940779304821e-09,0.14148558732367705
Duma/Zabo,0.20072992700729927,0.1909722222222222,0.4583333333333333,0.33724848663088497,0.7425031249910844,0.75531082850977,0.5757458378434241,1.2112487719110443e-14,0.7526254120772655,0.155748834713129,0.594474842641822,0.5370065399337705,0.006215508593485643,0.1908247337642823,0.051452746320157124,0.4242950212465026,0.2886398018797487,0.4600628469598658,1.0,0.3540143062785909,0.1327960386401298,1.0,1.0,0.8599621052470486
Dzwafu,0.20437956204379562,0.19444444444444445,0.375,0.14081072470161507,0.6202887954406012,0.6051626046748851,0.294789547230824,2.4351887167030438e-14,0.5417949483121843,0.06464117885618684,0.40733057608160095,0.5288583267124258,0.007552755500439623,0.41640155918351773,0.08605547171949023,0.3189436696638859,0.44371563620507354,0.0,1.0,0.2838811569402795,0.020740372485806676,1.0,1.0,0.8756225442388628
Ebbo,0.20802919708029197,0.19791666666666666,0.4583333333333333,0.08508565546650981,0.7502640749233879,0.7660253427451891,0.5026354341265303,7.583534151383795e-14,0.8000766349991356,0.05649462060876672,0.6210066767482554,0.3740604542486969,0.002483741812837097,0.15144687943390792,0.08059328932587095,0.5389704837516063,1.0,0.43954164276902247,1.0,0.28415053361908427,0.072296990360371,1.0,1.0,0.8606764486651403
Edo Kota,0.2116788321167883,0.2013888888888889,0.2916666666666667,0.1709555669926231,0.6560747167290676,0.6259813974180218,0.4987909765994768,2.4123553692454015e-14,0.5769712310076378,0.16427582994662074,0.4608291266260998,0.4913203123216589,0.00911331054443652,0.3207004993306041,0.08073387280575879,0.29778895464233085,0.37471408209301615,0.22388828051507131,1.0,0.49998132514560273,0.06668378161301364,2.314747714036946e-16,6.116254535917922e-10,0.8036130974031092
Edotsu,0.21532846715328466,0.2048611111111111,0.375,0.131215841972404,0.5849767618231153,0.6854660423843055,0.252991971964712,3.226572336523805e-14,0.5612967329177135,0.054290720090223316,0.6628300201570518,0.19134336923731504,0.004229339180621724,0.6489661532958972,0.10424209674681773,0.37486790924346336,0.5618639103361366,0.2300314234799329,1.0,0.28581521660484854,0.016529947117722973,1.0,1.0,0.9425155994934714
Edozigi,0.21897810218978103,0.20833333333333334,0.2916666666666667,0.26373673504399187,0.6414328122108043,0.6472400149092091,0.555256078174025,4.0896512439871054e-14,0.6052258723412696,0.0937051097660454,0.32734607843195024,0.3467983678752235,0.007008358746813837,0.38796188923315833,0.0893401822286034,0.25990529703721726,0.3782513475574154,0.22388828051507131,1.0,0.4378578011168819,0.02010436578077904,1.0,1.0,0.8978465322827731
Egbako,0.22262773722627738,0.21180555555555555,0.5,0.13556601230301693,0.7543441662209508,0.7631882254648109,0.6256202386281865,2.4487014484560862e-14,0.5163495087056698,0.3099956075741756,0.6971207525451945,0.7887117190564081,0.0037229182442541395,0.15063001255294522,0.049209805316596814,0.3566523529445223,0.38429165613017907,0.5280582460237188,1.0,0.6481669396923663,0.09143016462913847,4.786143171111813e-17,1.9888937144123197e-10,0.6001541532195114
Egwa/Gwada,0.22627737226277372,0.2152777777777778,0.875,0.4617552630934,0.6445394874012838,0.6363229627181658,0.600945770360975,1.3272801371563256e-14,0.5883907132454917,0.1301678490126511,0.3099320156059431,0.804362872662055,0.010179904602024155,0.2235577028942504,0.1167677757170567,0.4124555196999515,0.04719783654015782,0.9337751399001232,1.0,0.41802594850494124,0.05577847137707044,1.7258440740653094e-17,5.595576035190807e-11,0.8804300423375069
Ekobadeggi,0.22992700729927007,0.21875,0.0,0.05574957723696787,0.6679182313987232,0.664400914413947,0.38913774902093495,9.332007826903004e-14,0.5727652260938572,0.14894035646222023,0.5274125594411028,0.5691815445606953,0.026908232836234787,0.2817681025482808,0.11013363257145914,0.3737778662145557,0.4180620162423571,0.4600628469598658,1.0,0.30483679273626796,0.0045327796992957,9.216127392166403e-16,1.6408046379631347e-10,0.5864862911357677
Ekossa,0.23357664233576642,0.2222222222222222,0.0,0.13235546405901527,0.6028916741965806,0.574250671458785,0.3047186103859008,2.9522399050713823e-14,0.5417949483121843,0.06464117885618684,0.11972679707418232,0.45263987366010056,0.015280492365984038,0.44113552903618586,0.10020330966677383,0.31571607801090495,0.4101012092587309,0.2300314234799329,1.0,0.23316344364710584,0.008624267953715329,6.524462706834172e-17,2.3892360434245723e-11,0.7785808760233234
Ekowugi,0.23722627737226276,0.22569444444444445,0.0,0.09086341690561968,0.6092293408427167,0.5935539810385966,0.35312627083263337,1.0,0.5417949483121843,0.06464117885618684,0.07517014365460319,0.49322535565471376,0.06777202413226689,0.05406467279664661,0.20578714187388947,0.3591942421052486,0.5202594108097185,0.4600628469598658,1.0,0.19664029579515077,0.0006106645612249306,9.510377781968358e-17,1.9341658793855344e-12,0.6973343067537316
Ekowuna,0.24087591240875914,0.22916666666666666,0.0,0.10861333725461363,0.6308503931203678,0.6222662271974665,0.35312627083263337,6.894458690490192e-14,0.5417949483121843,0.06464117885618684,0.11477867915804671,0.5444441510310531,0.08641590714432566,0.13921086525168974,0.15119011415805472,0.32419392715616285,0.4326959446871914,0.4600628469598658,1.0,0.26968659149906093,0.019559259181297237,1.1084000071793078e-16,8.9151449804712e-11,0.013853172493584039
Enagi,0.24452554744525548,0.2326388888888889,0.25,0.08664804058525108,0.758452036480993,0.787691369889388,0.634948987556233,7.037373350985031e-15,0.6514072743087851,0.2394970391037707,0.45265446268099413,0.5479061501338789,0.011862654544650256,0.183458413292278,0.05434945763852662,0.2669864935895638,0.23934481601989693,0.4667840203535796,1.0,0.5154756514050347,0.018552770977158347,9.089750520047052e-17,7.036819532098204e-11,0.014723921333366988
Erena,0.24817518248175183,0.2361111111111111,0.875,0.2257799671592775,0.5835815970448543,0.606142771454997,0.501476324780044,4.9413948901334204e-14,0.5914249183971297,0.09923453566913487,0.8286368812064022,0.710871157659887,0.007165512187277503,0.2457244092954171,0.11193739924384116,0.37130279600349086,0.10381893613193864,0.9337751399001232,1.0,0.7733476386486663,0.048296671995625914,1.0,1.0,0.012587530875669951
Essa,0.2518248175182482,0.23958333333333334,0.375,0.17684974144058035,0.6471151194111177,0.6278072451137852,0.2903310159410475,1.1352997838978496e-14,0.5261895110587427,0.12479584293438807,0.38257099994091187,0.677140923609311,0.009086412257194705,0.3867741178350165,0.08327522367925175,0.37545265360307406,0.4363108731254029,0.41258884794638356,1.0,0.3332264603595917,0.049421854028729874,1.0,1.0,0.011782852861107088
Etsu-Audu,0.25547445255474455,0.24305555555555555,0.2916666666666667,0.2443141435678749,0.7061672097406043,0.6749954496138652,0.4301383903220061,8.684924009317641e-15,0.5823490363679277,0.16979870147595574,0.27207354330637473,0.5558608630637699,0.006441320232556444,0.30588474921136505,0.048243199853034706,0.2976065158586122,0.3493072577429985,0.44777656103014263,1.0,0.4003689252100065,0.046726542398781934,3.5890618060876287e-16,6.558021533642464e-10,0.01842366619736816
Etsugaie,0.2591240875912409,0.2465277777777778,0.0,0.11700120089209126,0.6233930331799771,0.5969576435446144,0.313363004063771,1.8825617088416304e-14,0.5449060112928332,0.1904897797902718,0.4413504904461542,0.6685944772275509,0.008483606187879949,0.5231968504265635,0.10310354124998707,0.3667746148259013,0.39847458182481343,0.42445734769975424,1.0,0.38041055880455793,0.04861780283827848,1.0,1.0,0.015315674607552994
Etsutasha,0.26277372262773724,0.25,0.25,0.10130995269955641,0.758142501705832,0.7773095585948161,0.7080221246631557,1.5786009350200133e-14,0.5920130462347689,0.2225348787821797,0.5270363834707791,0.5937268379063667,0.0050267301249289215,0.17979460539781927,0.06759769048553631,0.3230488403473649,0.18329784001690122,0.3453361482086493,1.0,0.35251698908094914,0.04005060740922653,1.0,1.0,0.021596253085041095
Fazhi,0.2664233576642336,0.2534722222222222,0.25,0.016058868220473983,0.8650575448845573,0.9290217670714299,0.6634825094096487,2.5624279936090375e-14,0.581506944065671,0.2921741887612945,0.47008796539587067,0.6982391749874358,0.004501002259945634,0.12916254024910037,0.05373161389758619,0.4137504712380364,0.1760735164287336,0.6083399265659425,1.0,0.22641199699145362,0.018512788939361615,1.0,1.0,0.012035092592259726
Fogbe/Kusoyaba,0.27007299270072993,0.2569444444444444,0.0,0.2542153763203686,0.7665302063376113,0.7432807671542697,0.47188942376927046,2.3431843300941522e-14,0.6439955269859035,0.1757413592048352,0.4226271555617487,0.5508726335272311,0.006667525280830908,0.29393499020080316,0.08699180006647307,0.3524663212011958,0.3790338392056999,0.2300314234799329,1.0,0.38777453823519165,0.03674924758156803,1.0,1.0,0.010857981567431648
Fuka,0.2737226277372263,0.2604166666666667,0.7083333333333334,0.10257211479548073,0.720546374946024,0.6934803795430073,0.8065520605470884,2.0906769787171652e-14,0.5972059472825563,0.16334441974515743,0.6077769378807701,0.8235323196597447,0.0016870704927427968,0.0573297244931913,0.10696501628045314,0.40244225008201284,0.02534560650639679,0.9345086071203584,1.0,0.6153323462836428,0.04287788165266867,1.0,1.0,0.02636901641345189
Gaba,0.2773722627737226,0.2638888888888889,0.5,0.12992917187461706,0.7104889169483249,0.7329943822090297,0.4787107474454031,2.6652890896502748e-14,0.584902046016043,0.04220862028020658,0.3568171985995274,0.5756801094595874,0.0057525060821751895,0.27393399581027167,0.06955154215909551,0.3788500044429977,0.5573551572289553,0.0,1.0,0.4589142492615977,0.03731756928009682,1.0,1.0,0.015424137966233837
Gabas,0.28102189781021897,0.2673611111111111,0.4166666666666667,0.3140087738646668,0.5241851528866492,0.5690926902720302,0.5857280544131169,5.713556221565561e-14,0.20553954084071502,0.5932623641159067,0.08995044144951483,0.9534166070744976,0.0725271330065628,0.5820932839431767,0.12429958639780243,0.15255835369642415,0.09520175731109809,0.809102008863062,0.7407407407407404,0.24644001707642388,0.015890067742805623,1.243558753731249e-16,8.058523152119862e-11,0.020435219203820815
Galkogo,0.2846715328467153,0.2708333333333333,0.875,0.2662733132367718,0.5839549323275769,0.5011240627356676,0.5713248929808188,4.609793910872891e-14,0.42903480198667654,0.08624727378059532,0.8174389448078633,0.5720127703214477,0.008259898300257485,0.24671077529320468,0.2781282508388278,0.6250212925755378,0.052889762125948626,0.9668875699500613,1.0,0.686220982566352,0.10945871676358301,1.0,1.0,0.018386921489039205
Gallah,0.28832116788321166,0.2743055555555556,0.041666666666666664,0.11466681371467784,0.5328836878862799,0.5497009655424003,0.0,5.887299773777256e-14,0.2196278755183377,0.8096774869091504,0.7325028001951321,0.39057677006368297,0.003434245643626289,0.7866237541283035,0.09115026373091413,0.07487265777888402,0.23570333286264214,0.7522888889918636,1.0,0.598898551891129,0.07396167337185726,1.0,1.0,0.04616892840735077
Garam,0.291970802919708,0.2777777777777778,0.9583333333333334,0.10359532387324462,0.5496286808425768,0.5806630666123975,0.9389951445334838,3.044968848214214e-14,0.8520190166382517,0.20573013828541786,0.020712714883388772,0.8543431755512487,0.0390567198987652,0.3635250564929801,0.13854665358469545,0.39788365607815895,0.0,0.8690172097893636,1.0,0.25065096335226966,0.007060044134364828,1.0,1.0,0.02331074382419524
Garatu,0.2956204379562044,0.28125,0.16666666666666666,0.48879371614832245,0.6028315159787356,0.5966214333038585,0.34263444901814366,2.6834335889114767e-14,0.4864507825639101,0.23421358598402292,0.2904954889382054,0.9008165037166601,0.011458777680604186,0.4126959158909938,0.11072049301365919,0.44120969143925215,0.22276347030664506,0.6188832719195756,0.7407407407407404,0.35577801529212577,0.08287138393513024,1.0,1.0,0.013253468403539907
Gawu,0.29927007299270075,0.2847222222222222,0.3333333333333333,0.03319608852290273,0.5756300330379593,0.6557764752728222,0.7808755213398137,1.7571807149092497e-14,0.6389028747447121,0.18030658006674843,0.031102907945433047,0.7996823949062332,0.03591270878542593,0.059935939140770035,0.19683725353770165,0.4011021036217465,0.11091975210324587,0.8690172097893636,1.0,0.21149799990546056,0.003404479921567753,1.0,1.0,0.01651190752619783
Gazhe 1,0.3029197080291971,0.2881944444444444,0.25,0.1012731906967625,0.6040238242703151,0.6450563879396617,0.572905761642411,2.6588166093092446e-14,0.665346349925889,0.0887266570783422,0.2993988813331417,0.40171341075779693,0.004577413522263827,0.44516116119541144,0.12952445964737536,0.2366722997884695,0.6271347862830957,0.0,1.0,0.3376852688243721,0.03580880227559169,1.0,1.0,0.02108342538777145
Gazhe 2,0.30656934306569344,0.2916666666666667,0.25,0.0465100605347646,0.5184985497325536,0.6048440533446054,0.6097151477844998,4.602337697612827e-15,0.6229565899063623,0.1547255943662705,0.2654771709802847,0.37318902553887573,0.0043367862340446504,0.4980111690984571,0.10463072937231395,0.16606778280456808,0.46841391165440077,0.16261405484493216,1.0,0.42554192400504703,0.02457277806246547,1.0,1.0,0.024619917237020394
Gbadafu,0.3102189781021898,0.2951388888888889,0.2916666666666667,0.17768301350390903,0.692394947953783,0.736282354822616,0.5335962440698632,3.8332750070013674e-14,0.5884675710745022,0.1618882691372897,0.2263464896542195,0.3950141864418104,0.007725150071983331,0.5040768109355255,0.08800015189658911,0.24403727793230084,0.4180085972726964,0.44777656103014263,1.0,0.6508181268256499,0.029474391493113622,1.0,1.0,0.015397170678735377
Gbakogi,0.31386861313868614,0.2986111111111111,0.375,0.2919209371859912,0.7584209567301313,0.8203373382946774,0.4486825374642993,5.062832503193232e-14,0.584902046016043,0.04220862028020658,0.5931528185344657,0.4733114049012878,0.002678447295920797,0.3102341365270676,0.05428292392324957,0.5357103503451579,0.8045431413348851,0.0,1.0,0.30716526137657896,0.06509003812293498,1.0,1.0,0.0974706086073791
Gbangban,0.3175182481751825,0.3020833333333333,0.25,0.07746366688723869,0.7390998819054275,0.7502267864732944,0.7245103794727609,1.6161651331191172e-14,0.5920130462347689,0.2225348787821797,0.35427873070378807,0.5958638459723723,0.004797354388714238,0.17695785072980563,0.056705361172971765,0.3440927513150185,0.32790833615497506,0.3520388306824793,1.0,0.401386221156138,0.037081882463590586,1.0,1.0,0.10308227845066342
Gbara,0.32116788321167883,0.3055555555555556,0.6666666666666666,0.08514692547116634,0.656351386792785,0.7539724154808346,0.7432614990959687,5.769276240037513e-14,0.7562744778078886,0.1345658108321215,0.6522452354531648,0.3467460926647681,0.0038763236876733853,0.4126061433624527,0.115199130443483,0.4813408589608133,0.93076153638672,0.16261405484493216,1.0,0.5030200396887495,0.04233472490464258,1.0,1.0,0.01851399060873113
Gbeswa,0.3248175182481752,0.3090277777777778,0.125,0.6316876210082591,0.6305641907490772,0.6522294425888732,0.1386408197206602,2.516352622057088e-14,0.0,0.9963661893395473,0.7599872528493091,0.5815517297892967,0.004715026256850971,0.6136875613395997,0.09270505284106495,0.04829478334109002,0.12534534752983376,0.5979795629753434,1.0,0.5183013258498392,0.4454430520123042,7.080321658568298e-17,1.360731452309915e-09,0.029699836352537312
Genu,0.3284671532846715,0.3125,0.8333333333333334,0.4045535867460726,0.5568210193180235,0.5967122762705086,0.1938923481507139,2.757342676131301e-14,0.2103982785154808,0.6654794495688999,0.6292360022728201,0.746344856296457,0.0037572822820998142,0.6899743791653669,0.11350602145116323,0.17386260456471883,0.1174242051559598,0.8477797339544788,1.0,0.7431579946502642,0.15316980573454925,1.0,1.0,0.018537581039590263
Gijiwa/Kato,0.33211678832116787,0.3159722222222222,0.875,0.39925373134328357,0.2708284636305788,0.3362217051744415,0.44236428649886367,2.549476810933927e-14,0.40346460776223736,0.264645114543234,0.05419875639593461,0.7968094649730761,0.01961687677630703,0.486026897197441,0.5216885672828868,0.5994971732354197,0.16432141043583115,0.8492152641003469,1.0,0.5074724401031626,0.035620059755624614,1.0,1.0,0.016840828200671735
Gini,0.3357664233576642,0.3194444444444444,0.7083333333333334,0.157733499987746,0.6658767168639054,0.6853128645971093,0.6969819558561906,3.849811521212147e-14,0.5965844031760518,0.13662213074344673,0.40100113340881827,0.9211362228367934,0.005985649205410537,0.14436060414979263,0.0904068916750047,0.3891959270116483,0.03380227550501444,0.8981955831246237,1.0,0.3636192512005101,0.022057376686323155,1.0,1.0,0.01928174637404692
Gogata,0.33941605839416056,0.3229166666666667,0.2916666666666667,0.10972232433889664,0.6646137878176146,0.6579619860106117,0.31558749948464865,5.879147556903939e-14,0.5464665547444308,0.1773746080727622,0.4336641365949276,0.6537262736947688,0.007779541638253896,0.376194189712181,0.08322670115773903,0.393950247241419,0.6079444809422466,0.44777656103014263,1.0,0.4385474423670038,0.03108173238747123,1.0,1.0,0.024668482982881393
Gonagi,0.34306569343065696,0.3263888888888889,0.25,0.07110996740435752,0.5510880529570219,0.6867034561928546,0.6480896871688292,1.0669023575606472e-14,0.661913375793516,0.16985772912465597,0.4383460677567248,0.37414001116515494,0.007339364665526034,0.3425471429111721,0.08651144892772004,0.22609284124677648,0.544327061298685,0.16261405484493216,1.0,0.435920463502017,0.020517642658097458,1.9131457492949463e-16,1.5675366306086126e-10,0.03388937584524594
Gulbiboka,0.3467153284671533,0.3298611111111111,0.5833333333333334,0.7188932186358846,0.5620300745170791,0.5910872851344201,0.32051219494799693,2.3655659508229368e-14,0.1928480093497553,0.6727995441647456,0.5776408648901118,0.9069543257118157,0.004795974651662091,0.666808344470299,0.12828755497714625,0.17226232375540337,0.08243763013332579,0.8603596711826574,1.0,0.59210398593852,0.16777883671626367,1.0,1.0,0.019485681392613544
Gulum/Vatsa,0.35036496350364965,0.3333333333333333,0.4583333333333333,0.1767026934294047,0.8064331218003448,0.7888509534668067,0.5052953887193995,2.4258660753903664e-14,0.7885379682058681,0.0920128332494209,0.5746164875524657,0.47640135149430124,0.00748701823712265,0.09379513716492426,0.048583341894904895,0.431651577647964,0.3314424999129802,0.4600628469598658,1.0,0.3140921504731582,0.08914486999002905,9.090078707607236e-17,3.400930999390061e-10,0.09665934284542668
Guni,0.354014598540146,0.3368055555555556,0.7083333333333334,0.24651986373550963,0.6365246509816738,0.5764162011053676,0.7417290289272401,7.454179883613444e-14,0.5973630040199704,0.1146126432108647,0.4422345618906913,0.5694102922181999,0.005155423958239286,0.5094773757295835,0.4546575524951644,0.5167734988275793,0.044555925810885584,0.9668875699500613,1.0,0.39067516538834224,0.03872038803952596,1.0,1.0,0.026034535967325804
Gunna Central,0.35766423357664234,0.3402777777777778,0.7916666666666666,0.3304658971154082,0.5349747428030738,0.31993715619116864,0.427865951395414,2.4574567358081453e-14,0.2921480479472979,0.3370983335619579,0.6682673934701174,0.8538567854614216,0.013529090322227613,0.09802108256477701,0.10766959445000017,0.522475021348515,0.16703125179981199,0.823880669591909,1.0,0.688430665139571,0.13066771047892822,1.0,1.0,0.016710357739195318
Gunna South,0.3613138686131387,0.34375,0.7916666666666666,0.2803899223096341,0.695673102973424,0.699849995249259,0.38289011721278715,2.317796716590909e-14,0.3704659580804844,0.31607272950578225,0.497797094569362,0.8001211405618106,0.00535930248543313,0.19871086867661264,0.12324449347052005,0.35678173298943927,0.2938904554376525,0.823880669591909,1.0,0.58310016071178,0.08990229356543675,1.0,1.0,0.021015884102451674
Gupa,0.36496350364963503,0.3472222222222222,0.4583333333333333,0.04930397274710193,1.0,1.0,0.6203902174585193,1.1674783122588309e-14,0.917194274282061,0.037564693334368425,0.5933342796974238,0.6585537219564702,0.0041658482277608655,0.009848323654484858,0.0,0.7534567398336465,0.3005858745680636,0.43954164276902247,1.0,0.28415053361908427,0.08218472819942083,1.0,1.0,0.021684288250157967
Gurmana,0.3686131386861314,0.3506944444444444,0.875,0.10393843589932113,0.5943011995292024,0.5670598332212954,0.462872176539023,9.563262725348612e-14,0.5048364605043727,0.1549223710615518,0.2382195509789509,0.6326262415974181,0.004414592842955624,0.2613222647485831,0.28651155041922655,0.5885284087878039,0.13604407220034442,0.9337751399001232,1.0,0.6509681173589325,0.04910384941727381,1.0,1.0,0.023183161249047537
Gussoro/Zumba,0.3722627737226277,0.3541666666666667,0.875,0.3092419675023895,0.5035642179738921,0.4617374558475463,0.5614384940523177,3.566420250611177e-14,0.5326878783128678,0.14667086626424558,0.37869696110605294,0.6656824802176368,0.01778285697053896,0.3383587971731318,0.2583823276927637,0.4778990032647671,0.08892052145703801,0.9337751399001232,1.0,0.5540157957883682,0.04145589004948872,1.0,1.0,0.023089351973986327
Guzan,0.3759124087591241,0.3576388888888889,0.25,0.04057912408401343,0.7001375448298482,0.7698174591179167,0.6076788456580213,2.979423360970915e-14,0.7008701623650361,0.1849898638830387,0.7004751884413717,0.40915468297755936,0.0059409199447891985,0.25723718866120715,0.03797190097277113,0.3299787421186344,0.3770822734971008,0.4667840203535796,1.0,0.43542180177139483,0.021880009822630126,1.0,1.0,0.032501593936766174
Gwam,0.3795620437956204,0.3611111111111111,0.75,0.1949060118128569,0.6649272551390671,0.6558685226270378,0.7102066597665128,2.996309867741101e-14,0.548545052416543,0.1907357525736162,0.564448815611374,0.8644000796348512,0.00663177065242437,0.1294623943634629,0.11345316424869635,0.3822592890210634,0.08499013772980998,0.8295036007505389,1.0,0.2525823513458659,0.06609743662131437,1.0,1.0,0.033300936171113925
Gwarijiko,0.38321167883211676,0.3645833333333333,1.0,0.08376835036639463,0.5972478553310557,0.5977771219467483,0.4389940569254698,6.979728175237897e-14,0.46930819283645653,0.2849721571198259,0.4363906390151853,0.7056863557513982,0.0019557860517776557,0.3044904052862306,0.17000015253889553,0.41072824324418644,0.5981963483314076,0.44777656103014263,1.0,0.3462819342657652,0.03518676122123771,1.0,1.0,0.03287110089786391
Hashimi A,0.38686131386861317,0.3680555555555556,0.9166666666666666,0.0475700316153224,0.5819955408444122,0.6588745295911979,0.8264224383553719,8.801661282368153e-14,0.7930324673181405,0.17625297554977476,0.0080920748585685,0.44434740405709094,0.2839148736189579,0.0,0.37026533671557693,0.1418046549430825,0.035410921634880965,0.8690172097893636,1.0,0.28489487289540577,0.0009454247053377395,1.1493330758407152e-16,4.075720140868156e-12,0.016216529274548093
Hashimi B,0.3905109489051095,0.3715277777777778,0.9166666666666666,0.06528931696198809,0.5256592565002287,0.6152076868423587,0.8264224383553719,4.281113337163319e-14,0.7930324673181405,0.17625297554977476,0.0080920748585685,0.33970491588430635,0.4291237454247872,0.01028101290142777,0.2959864692233155,0.20687450737909222,0.028109852183892677,0.8690172097893636,0.4017094017094012,0.3084591512895274,0.0004419585616910285,3.708061583491916e-17,7.050163352177156e-15,0.010573489113677921
Ibbi,0.39416058394160586,0.375,0.625,0.845084920226454,0.5954993622411339,0.6254284806095558,0.5439952354990338,1.948386947993704e-14,0.6402328453936443,0.3530175751014657,0.8334767232458541,0.6768939926788968,0.0030834360958375993,0.44248024560916666,0.08238783127198143,0.18105005367142935,0.21164743238389802,0.5166687385488667,1.0,0.5129079311843003,0.21973008712274278,1.0,1.0,0.8261201455763182
Ibelu,0.3978102189781022,0.3784722222222222,0.5416666666666666,0.20121069529201285,0.5796200829906198,0.6241508382614711,0.33557140143232705,2.3535164577416777e-14,0.2687922440848173,0.6263471047030206,0.22559630643404083,0.6582949195645501,0.011607539163736833,0.6142207207070722,0.1258530789184701,0.1931085792486265,0.0816039073154085,0.9204446778674544,1.0,0.45726080503380084,0.06881771780318699,2.0654426608457076e-16,5.657927722976751e-10,0.01091259569863859
Igwama,0.40145985401459855,0.3819444444444444,0.5833333333333334,0.3757076685537828,0.583800702423196,0.6396771845819017,0.5472546930442015,2.6186777541790594e-14,0.24892065222301715,0.45071725407880525,0.5715317408508503,0.8690273215886759,0.0179245342831664,0.45594151295382196,0.13968172785187719,0.3205500788470947,0.088004348258265,0.9953995134395311,1.0,0.5804960629094041,0.1593808315423957,1.0,1.0,0.14446861084751716
Ijagbari,0.4051094890510949,0.3854166666666667,0.9583333333333334,0.06466436291449158,0.7681071163264904,0.7921582361783391,0.9880319022451748,3.231934817602281e-14,0.7930324673181405,0.17625297554977476,0.08049988665723179,0.4951989906611562,0.053238871938059186,0.12326754756554699,0.09595493552832786,0.5528775289228928,0.004415506253814333,0.8690172097893636,1.0,0.39771013957473733,0.018307064228722317,3.761673653209185e-17,3.205855771631971e-11,0.024326630548704223
Ijakoro,0.40875912408759124,0.3888888888888889,0.9583333333333334,0.029268681224419772,0.8063624724893937,0.8435888796701103,0.9840371813865936,1.4677749771483806e-14,0.7930324673181405,0.17625297554977476,0.04816945563874928,0.5501985746615834,0.05128706046556413,0.06752527562802343,0.10331090685093736,0.5488000754033715,0.003737152215573137,0.8690172097893636,1.0,0.38188628013378817,0.004795082435836908,1.0,1.0,0.03528202152998915
Iku,0.4124087591240876,0.3923611111111111,0.9583333333333334,0.21455530230620298,0.5771733331148893,0.644261392630815,0.9397506935407495,5.90756771179275e-14,0.7930324673181405,0.17625297554977476,0.02333901164568575,0.3509399673694303,0.2192501395215497,0.1874350311664391,0.16479580825315412,0.4751560171086698,0.01605538760203269,0.8690172097893636,1.0,0.382008916625294,0.006307017496073808,1.0,1.0,0.04219761286139943
Iku 1/Iku South I,0.41605839416058393,0.3958333333333333,0.9166666666666666,1.0,0.5762158208774996,0.5889337685340734,0.9141952079491029,1.2858281313310764e-14,0.7159676706892428,0.1782797778082616,0.012268557473630287,0.5017431700650024,0.10886354630916992,0.0874858075906668,0.13766161925805884,0.4427350428203755,0.025163837622862867,0.8690172097893636,1.0,0.30536492498898943,0.003481596660078977,5.965338319265177e-16,8.220649381448599e-11,0.015848474111454847
Iku 2/Iku South II,0.4197080291970803,0.3993055555555556,0.9166666666666666,0.7582346886258363,0.44388771846841185,0.4861845215569856,0.8378494304014223,3.487111397211524e-14,0.7930324673181405,0.17625297554977476,0.009418454908646273,0.44434740405709094,0.31304205167928906,0.06833709971063866,0.24495721573197354,0.3548675660897627,0.027838810267778943,0.8690172097893636,1.0,0.35176407130345466,0.0016553879566836164,5.965342255572424e-16,4.009435017191836e-11,0.021762861736073093
Inkwai,0.4233576642335766,0.4027777777777778,0.5833333333333334,0.29153493615665516,0.509546796383393,0.5425945724868322,0.3230997267573911,5.5862484523702006e-14,0.3064101481811344,0.3864893070484057,0.34748110192532894,0.8677216783154552,0.004403123732978617,0.4998566425140134,0.1405274626089454,0.18803419169847768,0.16384735558570432,0.90964009151572,1.0,0.43284756897458065,0.05060100199553627,1.9129708175993237e-16,3.8660321047252736e-10,0.554888668945085
Ishau,0.42700729927007297,0.40625,0.75,0.09762149841923388,0.7584308364067591,0.7473577061115806,1.0,2.660623630115192e-14,0.6389028747447121,0.1947499925631611,0.36576516030482115,1.0,0.0037914702248152752,0.05027108009991506,0.061913529133480326,0.5144984743623149,0.013874159973116456,0.9345086071203584,1.0,0.646153488109569,0.045765647558155494,1.0,1.0,0.02736088958591062
Izom,0.4306569343065693,0.4097222222222222,0.3333333333333333,0.0,0.7107701251070915,0.7031929879501021,0.8696637641015683,6.58732353713316e-15,0.7159676706892428,0.1782797778082616,0.2824870164160202,0.46949637028252034,0.028941651231036238,0.08562236230631343,0.10876248586617662,0.5956783124280072,0.0697010593787471,0.8690172097893636,1.0,0.419150164659275,0.009529967995420425,1.0,1.0,0.08899252340557452
Jaagi,0.4343065693430657,0.4131944444444444,0.6666666666666666,0.14835306227483272,0.8003747875983163,0.8333864579704159,0.7578701137499626,5.289314467724692e-14,0.7008701623650361,0.1849898638830387,0.6119491569745367,0.3727886174542148,0.010464575550572366,0.2184649610149191,0.09655637916445454,0.5582832215926004,0.7602052318462831,0.34842885471457674,1.0,0.36182687325998136,0.15809879023574372,1.0,1.0,0.12241527451563264
Jamaare,0.43795620437956206,0.4166666666666667,0.8333333333333334,0.08226723525230988,0.4374513630220546,0.46307428070797335,0.1035676908080965,9.792186162140371e-15,0.1291698043835721,0.7084686145994924,0.3321030860075082,0.793854399932012,0.005637897054442975,1.0,0.1519311210360224,0.08724756836651089,0.08242330140160783,0.7343216218105394,1.0,0.42703345034982526,0.027901109472580465,1.0,1.0,0.025153427887133494
Jebba,0.4416058394160584,0.4201388888888889,0.6666666666666666,0.16624390363453667,0.718313361093179,0.6820174335307312,0.7054068309865423,1.1406489744780975e-13,0.968200997655477,0.22298746747841908,0.6123213752780352,0.3368902512654638,0.04149733523373475,0.3117078254812485,0.2404560017649161,0.5349837460225436,0.4851296996844717,0.1117185234365711,1.0,0.19383301060265679,0.12225654238673049,1.0,1.0,0.009064314580997393
Jere,0.44525547445255476,0.4236111111111111,0.75,0.15008700340661227,0.7146709849255063,0.6614134311708341,0.6160382628277976,1.7925649089895907e-14,0.49572716220630486,0.2128141069725094,0.30429188209022606,0.7670884454965479,0.015744174745958593,0.10789230620427614,0.08844980895190896,0.4205788598873635,0.09522459116084113,0.7899899872603613,1.0,0.33369643003412236,0.04650826360823396,5.3810263969257196e-15,9.564159357197577e-09,0.04650069163248138
Jima,0.4489051094890511,0.4270833333333333,0.5,0.17355954219052522,0.5593437776894455,0.5948606817019214,0.5293286329369281,7.532823696391594e-15,0.5874951547761768,0.032684625165817556,0.27549568815566206,0.32353176233540687,0.007905738310912267,0.4638988740434491,0.11012861122594121,0.30157268961911926,0.5454387344031082,0.0,1.0,0.28561777285197903,0.03693161060568555,1.0,1.0,0.02286295865763998
K/Takuma,0.45255474452554745,0.4305555555555556,0.6666666666666666,0.16159963728157242,0.7587603331671243,0.7813096708639578,0.5750956270324357,4.238114244191569e-14,0.8168516450847026,0.25634113647098195,0.8120135646331141,0.6525382485122997,0.004686442748968932,0.10660917715066676,0.04866291691391258,0.26968886862398156,0.30654826165026094,0.6083399265659425,1.0,0.4298013857800216,0.07001492042612008,1.0,1.0,0.008968327140958295
Kabe,0.4562043795620438,0.4340277777777778,0.125,0.3774722446878906,0.6537017929481767,0.6752844251026837,0.18642667136809843,1.3947561712714087e-14,0.11746071379785097,0.8023967415267775,0.807047510520745,0.4986008757640589,0.004811169319968863,0.6177999360611753,0.08332404251337983,0.07937520960940067,0.12729519708350825,0.7522888889918636,1.0,0.4624445526545273,0.2550993155106235,1.0,1.0,0.007712368689626518
Kabo,0.45985401459854014,0.4375,0.3333333333333333,0.09716197338430997,0.6975570535650623,0.6842598370163608,0.9609760021657185,2.0393090977020464e-14,0.7084890908286304,0.1859868714209126,0.22943069660200943,0.8192474243754146,0.014899399943526877,0.1169337939129171,0.0870726579239293,0.5136493701002134,0.00833749586117128,0.8690172097893636,1.0,0.346910175031462,0.02251268944328868,1.0,1.0,0.061800406377509366
Kaboji,0.4635036496350365,0.4409722222222222,0.625,0.4125554493542142,0.5120207294523796,0.5542826020549794,0.5495134338991718,1.7050051230469078e-14,0.2983634896967088,0.492119089142662,0.4931777251977058,0.9944949903383974,0.00306881617569476,0.6356125746152084,0.10923892461381053,0.17802712973861792,0.10108722922904197,0.7578443465434663,1.0,0.5505366812661904,0.2976450706414904,2.6993978100306858e-17,4.126769004608461e-10,0.010914258602577932
Kabulla,0.46715328467153283,0.4444444444444444,0.7083333333333334,0.17732152047643557,0.8522899428606744,0.8865420786957305,0.8898439922389343,1.197361025670088e-14,0.5740784886083566,0.1357464710038064,0.48569771291690295,0.8044933771789603,0.007566984694268594,0.0982230978168337,0.026166298918757634,0.5964688315499329,0.007120881356084728,1.0,1.0,0.5610513295564623,0.11638202622083266,1.0,1.0,0.0034725569775274374
Kafin Koro,0.4708029197080292,0.4479166666666667,0.75,0.31448667990098766,0.6512959461698186,0.65697222856061,0.8864798519442235,1.1203640555917578e-14,0.5896338014585003,0.1836124270160725,0.17348446539088833,0.858970585155484,0.007942908041736432,0.11684150909546495,0.12691044121003434,0.3742618579931145,0.006743004262673453,0.8690172097893636,1.0,0.5251162577157992,0.030552266225137716,1.2436526702714576e-16,1.5528259371492344e-10,0.009619496041742516
Kakihum,0.4744525547445255,0.4513888888888889,0.5833333333333334,0.152715486606377,0.6014843295952484,0.6539227670754638,0.42993094015559274,1.6426517426346772e-14,0.17638711273901703,0.6628426387893419,0.6680034821748851,0.8859237507264587,0.02910052062342325,0.4897654928460103,0.1170177659764448,0.3181892953211903,0.03927187345019373,0.8040071461485049,1.0,0.4717794864518647,0.09323419843657305,1.0,1.0,0.006700247178164012
Kakuri,0.4781021897810219,0.4548611111111111,0.7916666666666666,0.38456118422665,0.21481016592619126,0.1766342813776319,0.5177122065833242,2.6489238962906622e-14,0.41824800329598233,0.21061020645396872,0.14259901766175412,0.8166121003849697,0.012620057138503962,0.324387444076907,0.45357723396038035,0.8051231925455764,0.12293775655282511,0.8788279025203395,1.0,0.5546180916047962,0.15972235068729929,1.0,1.0,0.014427152447220658
Kampala,0.48175182481751827,0.4583333333333333,0.16666666666666666,0.12175575325343725,0.6402737296910707,0.5863312411519246,0.3682317442052354,1.4190952624665834e-14,0.44180319130664675,0.2286251247752539,0.3675719205384917,0.7321985826181812,0.02132551831275392,0.22506646528798974,0.08501804754085383,0.5146281304336554,0.11197530224968823,0.8618825635802422,1.0,0.3087847381086739,0.04866153785071912,1.0,1.0,0.011484781223504615
Kanwuri,0.4854014598540146,0.4618055555555556,1.0,0.04081807710217386,0.4520537245805616,0.6169946332504584,0.36672884565081626,1.0,0.4237149187065801,0.31002184038316016,0.021783950025451942,0.5048180145277872,0.06876286496723345,0.20096167697154024,0.29454301514257364,0.33378984775812526,0.5017889921744999,0.823880669591909,1.0,0.3820058791411567,0.00034946556364312564,1.0,1.0,0.024109308421430935
Kasanga,0.48905109489051096,0.4652777777777778,0.625,0.6868244981986619,0.5908530167456374,0.6259439535005181,0.36953467845803795,1.3587019145907688e-14,0.3625362572214545,0.35252562953477423,0.7532207428877282,0.8137252146879049,0.0030527228612560174,0.4842956889837174,0.11035328006416764,0.21459072327400508,0.21385722479234873,0.823880669591909,1.0,0.557872675299755,0.17088835631169152,9.089038444146154e-17,6.523558784124953e-10,0.02392910747892246
Kashini,0.4927007299270073,0.46875,0.041666666666666664,0.09117589392936794,0.6121804408560909,0.5764738707092566,0.039227086857058356,1.030896196115136e-14,0.5170312025067522,0.6595892651149636,0.5281360530577511,0.35786223922896176,0.003633982398723445,0.4492014105031732,0.10262613371979035,0.1761974004964899,0.21194836217851043,0.8664092867720573,1.0,0.5307475418452041,0.027880753149226955,1.0,1.0,0.013418779420230401
Katcha,0.49635036496350365,0.4722222222222222,0.375,0.11312893659779918,0.7104338280498265,0.7481032582845892,0.4790360632569502,9.828813384957109e-14,0.5807985175232433,0.0439402613242598,0.46035152515449224,0.37535297094787845,0.004874528933179272,0.3824167327804682,0.09248260235521794,0.6595197650585238,0.9763764228094302,0.2300314234799329,1.0,0.22038445089919836,0.023304980714609642,1.0,1.0,0.014609465740689363
Kateregi,0.5,0.4756944444444444,0.375,0.37377153640663674,0.6481830535426776,0.6465917340903121,0.313572442248585,2.487026447944633e-14,0.5105840738053005,0.1849505146695659,0.579625331637781,0.7427939254474573,0.004994821175145263,0.37403421180806207,0.0889403465021882,0.44149442150451157,0.35996043522149807,0.6188832719195756,1.0,0.3091740642430229,0.10959629182856492,1.0,1.0,0.010552392839870098
NISKNT04_Kawo,0.5036496350364964,0.4791666666666667,0.4166666666666667,0.13451829522339043,0.4607641428877865,0.4578159762812051,0.5006220938038564,3.491948069762182e-14,0.27014672054507805,0.597443870804871,0.1432603877289469,0.7818572323358566,0.009005543251531628,0.7634547505593945,0.13457237571277808,0.13102197341526675,0.09190454213552086,0.8603596711826574,0.3063063063063063,0.4552518487194366,0.014962476720809486,2.2755036811540864e-16,1.3510786805121814e-10,0.007015907050606481
NISNAS04_Kawo,0.5072992700729927,0.4861111111111111,0.5416666666666666,0.4215927750410509,0.5399984382756717,0.5741659037013874,0.4003344198901672,2.114747975169966e-14,0.3994412788622078,0.5650445676358734,0.5336916714065548,0.5457710541887723,0.009499189364238516,0.6611900326082132,0.13413312508553704,0.09453911467232051,0.158449895615995,0.7846509233265462,0.3063063063063063,0.4552518487194366,0.14637245378784774,9.088977008701681e-17,5.586903108747501e-10,0.013513793577183887
Kazai,0.5109489051094891,0.4930555555555556,0.7083333333333334,0.2588902776756611,0.7260015051316503,0.7271759405422615,0.8538037154554082,3.7377730008246297e-14,0.6047780931066123,0.14307641247424505,0.45579610059990705,0.8657756331292834,0.003051037152817641,0.11976379734038015,0.0808384693846586,0.39803687717129826,0.02602126465826969,0.9345086071203584,1.0,0.6446892679317308,0.06055013615340768,1.0,1.0,0.0162647261737768
NISMAK07_Kodo,0.5145985401459854,0.4965277777777778,0.16666666666666666,0.312666960762689,0.6327236777608287,0.6228262388529168,0.3226417903531103,3.5641124402949734e-14,0.468800263907221,0.23788346867107113,0.7478210680420726,0.8109975561010608,0.0017003856747982268,0.4420886565085001,0.11547641162704518,0.302170571661911,0.24834204989243205,0.687215740777922,1.0,0.49643944815277313,0.08390282735414102,1.0,1.0,0.026707432459103658
NISWSH05_Kodo,0.5182481751824818,0.5034722222222222,1.0,0.09961890057103644,0.6220768197548383,0.6088825727239416,0.36105814086311105,3.8872869729672435e-14,0.45272031399340923,0.2681182205349982,0.5039923831571792,0.7757817264514223,0.002420945972332364,0.47021291844659724,0.13861580443235383,0.27160316472751594,0.3798515760254964,0.44777656103014263,1.0,0.49643944815277313,0.03296191978530364,1.0,1.0,0.023756751158687778
Kokoli,0.5218978102189781,0.5104166666666666,0.041666666666666664,0.04951841776339975,0.0,0.0,0.4451836299250419,1.207462988186891e-13,0.5761402774616697,0.6524921800233784,0.6766434541060834,0.0,0.0025278035216974807,0.7687100934790014,0.9867726882430975,0.6549862424759931,0.3103061453537634,0.8664092867720573,1.0,0.5970007897913238,0.02610566264152114,1.0,1.0,0.019633206046905025
Kongoma Central,0.5255474452554745,0.5138888888888888,0.7916666666666666,0.41199176531137416,0.7241388954395381,0.8032180546533788,0.5535920136840242,3.006212230207954e-14,0.17041895192670367,0.39648556929426143,0.6423596079796265,0.7138142017134035,0.011226161989112738,0.2089608037925179,0.07903102630665357,0.5048383482523608,0.03233943329755385,0.9020528050371578,1.0,0.6698547720488027,0.08881888332580067,4.0849513291869736e-16,1.4136905123185032e-09,0.025879056993749573
Kongoma West,0.5291970802919708,0.5173611111111112,0.7916666666666666,0.24259858343749235,0.676158243549142,0.7248124468018861,0.5194259371032576,1.0339598523027381e-14,0.22951243358093104,0.36842519263905465,0.6299038256392533,0.7648596284408354,0.02710481134224441,0.25776639739005935,0.09408655496252406,0.3967651529631112,0.06278228258231644,0.9058464482764389,1.0,0.5397476966390145,0.034607539393296846,1.0,1.0,0.018761754222955097
Kotonkoro,0.5328467153284672,0.5208333333333334,0.5833333333333334,0.6847106830380119,0.6448063192535982,0.6777045876242298,0.36220480921850096,2.0473575860354814e-14,0.07246893387628622,0.6685491629524907,0.632704373065151,0.8171515405020148,0.018100713436615377,0.6508780362392768,0.11149077451342945,0.3235216442464155,0.024020883416699147,0.8106736480260878,1.0,0.6316104474950202,0.2925175585436372,1.0,1.0,0.010859607955251567
Kpada,0.5364963503649635,0.5243055555555556,0.4583333333333333,0.26795823836482613,0.882036698225321,0.8847053896983814,0.5292300175328304,2.763328847811848e-14,0.8232987737861542,0.08326938288542048,0.6051173478184542,0.544172040821407,0.005696628073008341,0.07449085064946061,0.0557601523191629,0.5446887029347162,0.2776725688723907,0.43954164276902247,1.0,0.30910188099747943,0.11495756746198314,1.0,1.0,0.024076219557458242
Kuchi,0.5401459854014599,0.5277777777777778,0.7083333333333334,0.25779967159277506,0.6558977756168285,0.5336853570052541,0.6728444999436388,7.714580582156108e-14,0.6003537682958303,0.10942757461027194,0.4814832757854485,0.6772749986268526,0.005416262430884811,0.46728488323361844,0.41836000942657375,0.5938134544188038,0.036992490003781055,0.9668875699500613,1.0,0.570270579135872,0.11457353933347857,1.3039642094420659e-16,6.096223262837884e-10,0.026748746809288702
Kuchi Bussu,0.5437956204379562,0.53125,0.5,0.24016003725216284,0.7304610971214753,0.7816300973483769,0.5281437153115415,3.532931781985159e-14,0.5874951547761768,0.032684625165817556,0.08324583259258271,0.4863588207600616,0.0036497635223496205,0.2616236054434574,0.08100737112407552,0.44718386052828807,0.6472320284136093,0.0,1.0,0.32403545207394974,0.033740879990861845,1.0,1.0,0.023995323903540713
NISKNT05_Kudu,0.5474452554744526,0.5347222222222222,0.4166666666666667,0.25940494571477585,0.4957403570804576,0.5403686620608882,0.49764247885909807,2.2727643498528162e-14,0.20553954084071502,0.5932623641159067,0.0012747553927503206,0.8690882104053612,0.2861828649953062,0.30830363113495557,0.1532342844008376,0.22796919252642484,0.06356448190678862,0.8603596711826574,0.688888888888889,0.32552710467010926,0.0022696191378094033,3.6448816036066934e-17,3.1899507164731086e-12,0.020842706614487224
NISMKW06_Kudu,0.551094890510949,0.5416666666666666,0.6666666666666666,0.07436340465161875,0.7594921274963293,0.7597716832884911,0.6454446178477946,1.3065747666075029e-14,0.6933537103224228,0.3041054231202392,0.6770010212886296,0.7553214573830256,0.003038696713404755,0.08046520336719896,0.03649431948577725,0.2603277760336399,0.25220642553718453,0.6083399265659425,0.688888888888889,0.32552710467010926,0.05907781163802733,1.9131051014244038e-16,4.514037316187783e-10,0.014415309474522338
Kudu/Gabas,0.5547445255474452,0.5486111111111112,0.4583333333333333,0.1677511457490871,0.6775099539451489,0.6693829350987485,0.5986639792041389,1.9396974475341104e-14,0.5962636061737036,0.24241917188014325,0.13602432221360083,0.6480922593077718,0.014398021010731924,0.15947237028331301,0.11878616676230201,0.3766179226417566,0.22274231927718582,0.6250264148844372,1.0,0.35973892363251353,0.02501596090973851,3.4986515486135063e-16,3.4280743546407275e-10,0.01187531415721791
Kuluho,0.5583941605839416,0.5520833333333334,0.625,0.286731367791584,0.8258160064106289,0.9045683686364057,0.6649641607783143,1.6987335772717853e-14,0.31054040941528005,0.5052441000777826,0.8587759615674669,0.9952472105441125,0.0073484229551226445,0.19866547920430294,0.023455700312075254,0.49405051618893947,0.14426069636432143,0.5887721621008404,1.0,0.5024745049234759,0.2779197196690695,1.0,1.0,0.033715682807768474
Kumbashi,0.5620437956204379,0.5555555555555556,0.5833333333333334,0.24950983996274784,0.5389396843884539,0.5962999332302222,0.36973820206495245,2.4440892075814205e-14,0.19200591704749864,0.6249434273700932,0.6052722240439752,0.9382876255936059,0.009785681263260706,0.5862664927118096,0.12126735730323901,0.23712814274472752,0.03790744311112815,0.8040071461485049,1.0,1.0,0.1311347092351807,1.0,1.0,0.024125179546894793
Kura/Auna East,0.5656934306569343,0.5590277777777778,0.5416666666666666,0.29454942038575593,0.5563296736137746,0.5792358730143411,0.39812082681830646,2.992340397181916e-14,0.16038067957482294,0.6263208642370593,0.38595698355341107,0.7490768511385153,0.007193029856213481,0.6873697079034673,0.11505184710469903,0.1279877323990892,0.11038587046443804,0.7968764660948039,1.0,0.4810820131704905,0.04461000325945375,1.0,1.0,0.03364687036323857
Kurebe/Kushaka,0.5693430656934306,0.5625,0.875,0.17315516015979218,0.7093323782810269,0.7561419599793229,0.5105289745501549,3.667005720553108e-14,0.16658275495356137,0.29136740354494467,0.9962173936861349,0.6949168422698991,0.016629135213193317,0.2048684834386105,0.0645115910477671,0.46454509742759315,0.015752008422088685,0.841860436172133,1.0,0.9499420813671888,0.14999620424816137,1.0,1.0,0.026217925251518386
Kurmi Sarki,0.572992700729927,0.5659722222222222,0.9166666666666666,0.24332769649290492,0.7091675207612427,0.701295469786679,0.8496304784506247,5.070560167099068e-14,0.7930324673181405,0.17625297554977476,0.11631090651232662,0.40758418830436116,0.1393580963484237,0.03887408038315527,0.15297862161790848,0.5237395336322737,0.07276260856914644,0.8690172097893636,1.0,0.38137962388604263,0.003626925513107876,1.0,1.0,0.019522699873748856
Kusherki North,0.5766423357664233,0.5694444444444444,0.7916666666666666,0.2723941867019582,0.5843626403259162,0.6211252843115416,0.5095892195069472,3.241788604831432e-14,0.19609607916962593,0.4167011032902308,0.8634608220630576,0.6755332966357158,0.006794319140367866,0.394327237276795,0.11682754747199135,0.285053474261345,0.041815895537199346,0.9328649940325384,1.0,0.32846020189657094,0.08773923622990179,3.784111609551689e-16,1.295940446684516e-09,0.025002176892317977
Kusherki South,0.5802919708029197,0.5729166666666666,0.7916666666666666,0.28331250153175014,0.5792113880416894,0.6172863575447768,0.5527478161436155,3.0478198573323705e-14,0.24330002115439792,0.42270607351166695,0.8069438847394196,0.8129088478102288,0.007948754668348669,0.31118746335336545,0.10323879820010638,0.3250586915131245,0.09582798340783483,0.8965368844018778,1.0,0.7080334777454033,0.14013273156314404,1.0,1.0,0.03211356106416056
Kuso Tachin,0.583941605839416,0.5763888888888888,0.5,0.14445628997867804,0.7026732430897393,0.7046724600838966,0.4591879158045209,4.8624142703199614e-14,0.5705463798187629,0.08904150438497982,0.11637377986437117,0.49227761429043404,0.05200133658155028,0.28674602403565325,0.07522836666884855,0.4063626152020138,0.5250877473308324,0.22388828051507131,1.0,0.5503544020150379,0.2329165750372957,1.0,1.0,0.022296704056709474
Kutigi,0.5875912408759124,0.5798611111111112,0.5,0.14323088988554764,0.8269516399544445,0.8298589341888353,0.6436577603854634,6.475443990369534e-15,0.581506944065671,0.2921741887612945,0.3822166546929912,0.6017433594646555,0.00598786576017983,0.09666474558378704,0.04796927569622875,0.39774804194710134,0.17012273017539284,0.6083399265659425,1.0,0.4032722985068195,0.03731779139211884,3.5111040482365754e-17,6.258309323691899e-11,0.0302012031710402
Kutriko,0.5912408759124088,0.5833333333333334,0.0,0.12628973359801976,0.578357889365301,0.5824045625212475,0.34511290020893737,3.536703621464932e-14,0.545943031830138,0.23243931088263764,0.5744991385767947,0.6701347857646605,0.00535401280235255,0.4888058156307202,0.12097760792357966,0.3715760416076592,0.2661476954910385,0.6250264148844372,1.0,0.38041055880455793,0.047157185367411085,1.0,1.0,0.018394703393369436
Kwagana,0.5948905109489051,0.5868055555555556,0.75,0.21998382471877068,0.6777576077397203,0.6721233992002249,0.9154757034802998,2.0009229040480862e-14,0.618054410671451,0.17904720615415928,0.3472085184692499,0.9702388214534999,0.0032550070202140664,0.07566677870610629,0.10891423163746154,0.3807329509922984,0.006384669396255023,0.8690172097893636,1.0,0.5116074621097081,0.04507679107060037,1.0,1.0,0.02227212172136167
Kwaka,0.5985401459854015,0.5902777777777778,0.3333333333333333,0.10635860108325368,0.718987852046162,0.6934024967205132,0.9485431697232914,3.201122471910043e-14,0.7159676706892428,0.1782797778082616,0.10560220227831775,0.6872292734726276,0.021250079719936157,0.08884228068969932,0.0849265561414579,0.56398111172326,0.05693759914842214,0.8690172097893636,1.0,0.5953538134221944,0.05046316811856432,1.0,1.0,0.010294017852941066
Kwaki/Chikuba,0.6021897810218978,0.59375,0.875,0.207564394774894,0.7696941317036466,0.7745287378756985,0.4892797592069269,1.9432158958431582e-14,0.343221603858445,0.17231744164415475,0.8674019426460975,0.6792110663480487,0.012337867497168045,0.1358158840604648,0.03459974452990907,0.4820901972895044,0.017957233658063104,0.9043740030610972,1.0,0.8444075585703771,0.23768283432821244,1.0,1.0,0.0077001897226360696
Kwakuti,0.6058394160583942,0.5972222222222222,0.75,0.2008859642673333,0.7345965006820976,0.7285577060830724,0.8219068031179418,1.9392343770602026e-14,0.598054723112333,0.1947008041320746,0.3148479567030387,0.8066634078447578,0.008099051740040678,0.085229760358795,0.08256363159492285,0.5199358014220334,0.04583422855517159,0.8295036007505389,1.0,0.2432439098076852,0.039182873076018344,1.2436649935738548e-16,1.9925016067254442e-10,0.011580898570373891
Kwata,0.6094890510948905,0.6006944444444444,1.0,0.1925042276303213,0.591936334866853,0.5795512282858428,0.43689721574937046,5.549103782875144e-14,0.4237149187065801,0.31002184038316016,0.2249073688508132,0.7533493901344765,0.005712142371049392,0.24623132789095745,0.1450468829457415,0.3535693022345951,0.439613929261059,0.823880669591909,1.0,0.3339728527286734,0.04414874617760853,1.0,1.0,0.012679800899769134
Kwatachi,0.6131386861313869,0.6041666666666666,0.625,0.38306006911256524,0.6672345300804329,0.6895019614380695,0.6429853689509599,1.3180278278902736e-14,0.4035849064670264,0.48554674445748663,0.728575274453109,0.5417208830725292,0.005213164136823337,0.3203862542165793,0.14152439309591686,0.21628038378843134,0.2260519637545801,0.35024534499438237,1.0,0.48333896563137924,0.19159279025399203,1.0,1.0,0.012517959457290662
Kyari,0.6167883211678832,0.6076388888888888,0.08333333333333333,0.08702791461412152,0.564079610225846,0.6654504922732627,0.4837785850793062,4.281113337163319e-14,0.5874951547761768,0.032684625165817556,0.015662930594436762,0.2411189755062841,0.45705780580816596,0.006386071211765933,0.2113057531903035,0.42520877735719537,0.42569918038467836,0.22388828051507131,0.0,0.22220256064769636,0.04000492782447483,1.086184387492117e-16,1.7939082337510842e-10,0.011582082932423297
Labozhi,0.6204379562043796,0.6111111111111112,0.6666666666666666,0.08949709580177928,0.8107288502622414,0.8561047124905625,0.6780198946012833,1.6382810262779404e-14,0.7499654700950341,0.228644795553502,0.6837103216943563,0.6033697995329732,0.006387669875566677,0.08706052445139256,0.041563412144380404,0.3710301406260368,0.34441753722049256,0.4667840203535796,1.0,0.3270167849867482,0.11310668021202007,1.0,1.0,0.02614451792534539
Lagun,0.6240875912408759,0.6145833333333334,0.5,0.5392189299806387,0.709464547903346,0.724149131426898,0.5989864309429936,3.438664947866018e-14,0.48544160823295956,0.3951671600759928,0.8172879646748807,0.8130930503005334,0.0015494022711166977,0.20761781602585688,0.07283581618375724,0.2812475279668137,0.2438711837955686,0.6046536098960661,1.0,0.6125553127271501,0.20499152657991862,8.369397653522142e-16,6.60528117572623e-09,0.01104208539400623
Lambata,0.6277372262773723,0.6180555555555556,0.3333333333333333,0.13570693331372694,0.6517985391207576,0.6387476757527915,0.8026292220472243,1.990551599742535e-14,0.6389028747447121,0.18030658006674843,0.12037451297771011,0.6746818908222283,0.015299503688924077,0.09678390460437726,0.11929408384592002,0.460161295688235,0.10265805953564014,0.8690172097893636,1.0,0.34945924901304604,0.004290180057166268,3.9213846732693514e-16,6.650145344703616e-11,0.0
Landzun,0.6313868613138686,0.6215277777777778,0.08333333333333333,0.027926868122441977,0.548847325007602,0.6832045704489785,0.5097698805196988,1.8685814811054046e-14,0.5874951547761768,0.032684625165817556,0.011022253230244847,0.27967580597323194,0.6635717302824208,0.0021784460142837063,0.3080390221145008,0.39780441006653455,0.37137323992640686,0.0,0.4444444444444448,0.4727490631057793,0.006172388935256609,6.59047727914571e-17,1.707582202473887e-11,0.013153454995758498
Lefu,0.635036496350365,0.625,0.3333333333333333,0.13521064627600912,0.6673506327104279,0.6608440693603078,0.7091932320003587,2.1809339498677597e-14,0.6151371631452083,0.22414844921487928,0.44439411315072197,0.7246937074575189,0.009242179863129427,0.10702264588692631,0.1003634604252386,0.41489376974798375,0.10114384336268045,0.7899899872603613,1.0,0.34756497602337755,0.03614117066167459,1.0,1.0,0.007629082226121941
Lemu,0.6386861313868614,0.6284722222222222,0.2916666666666667,0.16862117981520966,0.6342865392532423,0.6257768584970219,0.4157218327826511,0.0,0.5486252513249468,0.21486058766622365,0.37988451406821244,0.6617220247265144,0.004637277208121076,0.4143892757863234,0.08430281631176965,0.2156116040651022,0.32751834316818706,0.44777656103014263,1.0,0.4002454475966588,0.039127691915874084,1.0,1.0,0.007620236931093695
Limawa A,0.6423357664233577,0.6319444444444444,0.20833333333333334,0.06874494522461584,0.3336103497751127,0.3139816247073774,0.4295657948608341,5.602637796876585e-15,0.447473946778564,0.20598595028637867,0.008773906952493478,0.48008047600319526,1.0,0.07386495738217506,0.1955704709744769,0.36609483515594804,0.13290238267521107,0.7899899872603613,0.45893719806763267,0.17862202217735235,0.0005356036272093382,3.041201801076303e-17,5.026678798539244e-15,0.00558085140473225
Limawa B,0.6459854014598541,0.6354166666666666,0.20833333333333334,0.4577849667916575,0.3602498776011885,0.4064055548488284,0.4295657948608341,8.055019768999448e-15,0.447473946778564,0.20598595028637867,0.01243349247088123,0.5489628506717585,0.649914764774119,0.04245187024909648,0.27528632186776153,0.307284651224478,0.13208058018083518,0.7899899872603613,0.26315789473684187,0.2934527646339088,0.004383286061069433,0.0,6.319984929089703e-13,0.00304545363751003
Lokogwoma,0.6496350364963503,0.6388888888888888,1.0,0.0320625934367571,0.6491034121561062,0.6231930307449641,0.41357180631223095,3.5142283529311526e-14,0.46930819283645653,0.2849721571198259,0.508686712406759,0.7776246983527331,0.003112072529818332,0.3464947279858356,0.09895481864098553,0.2623979096084349,0.4244519821906292,0.44777656103014263,1.0,0.3895671902185245,0.018536034130738614,1.2436482451409544e-16,9.406962665376738e-11,0.013610679304583621
Maburya,0.6532846715328468,0.6423611111111112,0.5833333333333334,0.2705009435580717,0.5650144198613678,0.6252993651847373,0.2896650996571754,2.496602564198475e-14,0.1486314891927165,0.6709104832958604,0.7400325572600083,0.7814013818073079,0.010686623583058125,0.6251162561961535,0.12888090235899788,0.20566931141188638,0.05286892427541359,0.7402096889010452,1.0,0.5476215057414688,0.08120576657558291,1.0,1.0,0.020000487338402765
Madalla,0.656934306569343,0.6458333333333334,0.9166666666666666,0.07883611499154473,0.5523380018231627,0.6136923562393257,0.8409988545073681,1.1093535902388298e-14,0.80776907952798,0.17058580825708083,0.02159567845470433,0.3940503823557603,0.2239351843629856,0.06683107789827539,0.2431317756548204,0.3046394577065075,0.0314061138472623,0.8690172097893636,1.0,0.20650808112774852,0.01024200629158558,1.9410539637350678e-16,7.933298325681373e-11,0.03545182685646372
Madara,0.6605839416058394,0.6493055555555556,0.4166666666666667,0.16766536774256796,0.5281091600801473,0.5455830211895051,0.5072179124339565,1.2909252728505371e-14,0.20553954084071502,0.5932623641159067,0.25033926352923047,0.8489248366208234,0.012832539327423599,0.7057116109197241,0.09847823617286156,0.13758631929884518,0.09173286067571575,0.809102008863062,0.6666666666666673,0.5119742395533119,0.04272671335865588,1.0,1.0,0.01592111970336141
Magaji,0.6642335766423357,0.6527777777777778,0.0,0.08978506482366493,0.6255195502524974,0.6328429885566438,0.2953397883878489,1.3307025893106788e-14,0.5754429896755302,0.11394032219724214,0.48815351214823427,0.4641657125168276,0.004728864480467007,0.5985657256863185,0.09258718828815553,0.2824639910977132,0.3717129480173193,0.2300314234799329,1.0,0.35291066529626525,0.07634251384113504,1.0,1.0,0.020212632147322725
NISSUL09_Magajiya,0.6678832116788321,0.65625,0.9166666666666666,0.03393745557924662,0.5694927146235739,0.6572775100924114,0.8264224383553719,1.8801661282365275e-13,0.7930324673181405,0.17625297554977476,0.0080920748585685,0.44434740405709094,0.315507427404182,0.0,0.3535526291899095,0.22380864330760558,0.03845914431814864,0.8690172097893636,0.8647342995169088,0.27293249042019446,0.0005648305467836105,4.1591668108133405e-17,3.4360908884495414e-13,0.009908607028620262
NISKNT07_Magajiya,0.6715328467153284,0.6631944444444444,0.4166666666666667,0.07830306595103301,0.5075693913894175,0.5461710957779632,0.5897788580486423,3.5253775581836045e-14,0.1950401221991371,0.628406701801223,0.19544631578820423,0.7631979455375587,0.03918941550610475,0.6316111703957585,0.12923043768820808,0.22495577095006714,0.06321478807761652,0.8603596711826574,0.8647342995169088,0.27293249042019446,0.009300819939970869,9.839929934362784e-17,3.770992443300579e-11,0.01713023345653073
Magamadaji/Ibelu North,0.6751824817518248,0.6701388888888888,0.5416666666666666,0.20581819964218317,0.6092176214401156,0.6331078266497167,0.23845986707236752,2.1242550965022183e-14,0.2037283740038927,0.6673488243455783,0.6356431790004604,0.7470350231947968,0.005233053130575138,0.5563083895559172,0.10809024835555418,0.18103979077408516,0.12343202843260465,0.9204446778674544,1.0,0.5422642030611222,0.13325355217557494,1.0,1.0,0.06911149787548217
Mago,0.6788321167883211,0.6736111111111112,0.041666666666666664,0.12065902017008553,0.5770693668868336,0.5724670099707329,0.02148747252627748,3.631381857368458e-14,0.23053720121257182,0.8174698409794835,1.0,0.48808922673839905,0.003179941714926498,0.7242677798118661,0.10617797271315324,0.010622548028282032,0.17824634087525662,0.7655885387598637,1.0,0.742628843957513,0.05275994548810882,1.0,1.0,0.04059134132537645
Maikunkele,0.6824817518248175,0.6770833333333334,0.16666666666666666,0.2788520451927554,0.5770650885362127,0.5497703478323662,0.3276967263979399,1.8668123608089107e-14,0.447473946778564,0.20598595028637867,0.1632668117640075,0.7404121160643612,0.033385332940751765,0.34084526545612576,0.11640726972376943,0.41548429598023273,0.10346606294172984,0.8618825635802422,0.7777777777777776,0.3014202749037088,0.10154482743095852,1.0,1.0,0.06783908762365444
Maito,0.6861313868613139,0.6805555555555556,1.0,0.06837119819621107,0.5918954235546717,0.5935899426503801,0.4875834765770302,8.461579243447709e-14,0.4237149187065801,0.31002184038316016,0.2834214866358464,0.7169639541920717,0.0063254281737542654,0.2811302319650477,0.2071050587680271,0.4461422160899461,0.580603056161065,0.6358286153110255,1.0,0.2922566821282001,0.018215224566373926,1.0,1.0,0.04944707891292449
Maitumbi,0.6897810218978102,0.6840277777777778,0.16666666666666666,0.41150773227458765,0.6540088797103373,0.6355014230519375,0.5686450543783796,9.738378034103526e-15,0.5079709144626073,0.18321887362550995,0.10249936190071442,0.7204157175576676,0.053244901732874744,0.1236867611262789,0.10620936588143956,0.5322483887669615,0.09932913529209329,0.8618825635802422,0.5555555555555551,0.2835193598837261,0.027266065358147174,6.260878731477846e-17,7.417464349144336e-11,0.05451713408156676
Makera,0.6934306569343066,0.6875,0.20833333333333334,0.08972379481900841,0.49177343455263045,0.5359586570102964,0.4438339419171133,8.71283369375927e-15,0.4429092726804336,0.23489246137140535,0.003661404858312264,0.6007770315602622,0.563319042185075,0.048628972398884716,0.2374526232279932,0.3631408532270985,0.14941444998907222,0.7899899872603613,0.9113924050632907,0.02402694079350562,0.0006372182965545702,2.515390546752025e-17,6.5669731392976374e-15,0.03809551058586702
Malale,0.6970802919708029,0.6909722222222222,0.125,0.16064995220939637,0.5558433154719665,0.6579800992016602,0.5703116590432706,3.999508854313025e-14,0.4743206454848772,0.6261536051946165,0.916335870297782,0.44385007137965443,0.007085696825606863,0.2854480602589987,0.2904079956612879,0.45032426306883877,0.23447404599027294,0.7444723711937945,1.0,0.6976240830213758,0.23838328679075718,1.0,1.0,0.03768009403336175
Manbe Tafyan,0.7007299270072993,0.6944444444444444,0.5,0.25153787711687864,0.6467117953823684,0.7387581882495444,0.5178534081724796,1.625708290253566e-14,0.6563896524521001,0.0734371024951303,0.48544323640507697,0.4592654269483681,0.0056950930941966635,0.49799716501701013,0.13949588128924575,0.2543310579349599,0.7255515654897868,0.0,1.0,0.32905903975361583,0.020084288831660174,1.9131538790665076e-16,1.534427959503795e-10,0.03373952303774571
Manigi/Dapangi/Makera,0.7043795620437956,0.6979166666666666,0.625,0.7988505747126436,0.626208689382983,0.6365177080844893,0.5554777109835759,2.4044397627145475e-14,0.3054343908034163,0.46071351632466107,0.6568889882548467,0.79535675604104,0.0022342818416632134,0.2272695604577241,0.09168433439507472,0.29456989631686986,0.23573035811277132,0.49263426403154237,1.0,0.5586058819754969,0.10025255296316123,1.0,1.0,0.03363736192758819
Manta,0.708029197080292,0.7013888888888888,0.875,0.04418792735828248,0.03212881303488757,0.10522964855333757,0.4445571947429658,8.959522741302267e-14,0.4351433120863379,0.193844822827659,0.25935016048921866,0.6419327650987295,0.0019376411802920453,0.7128365426561241,1.0,1.0,0.16195597255997204,0.9337751399001232,1.0,0.9906650845176109,0.020687266185793224,1.0,1.0,0.015528999401432354
Masaba A/Masaga I,0.7116788321167883,0.7048611111111112,0.08333333333333333,0.021438374629316474,0.4979699590494116,0.6558316152774557,0.4837785850793062,1.964216627087503e-14,0.5874951547761768,0.032684625165817556,0.011433880091679359,0.2411189755062841,0.7775691486522031,0.0,0.30041659300326184,0.3082685885215874,0.341887939418135,0.22388828051507131,0.6543209876543215,0.3824762815750804,0.00031554137444473457,5.04143086727227e-17,7.29264137125705e-15,0.018367088292864934
Masaba B,0.7153284671532847,0.7083333333333334,0.08333333333333333,0.031621449403230154,0.5236540115194804,0.6558316152774557,0.4837785850793062,2.3063341799746378e-14,0.5874951547761768,0.032684625165817556,0.011433880091679359,0.2411189755062841,0.7775691486522031,0.0,0.3181211032107603,0.1989039507535737,0.34299041275542785,0.22388828051507131,0.33333333333333276,0.21870307159641691,0.01395868968579566,5.822298112709273e-17,3.5303779446147186e-11,0.0460005081319092
Masaga A,0.718978102189781,0.7118055555555556,0.08333333333333333,0.05098889787515624,0.5504686129579448,0.6686020530903809,0.4837785850793062,4.281113337163319e-14,0.5874951547761768,0.032684625165817556,0.011433880091679359,0.2411189755062841,0.49197856694463504,0.001641341367168826,0.28863179670809785,0.42903861168317015,0.39939809047643504,0.44777656103014263,0.7407407407407404,0.4559767100230403,6.338591387970019e-05,1.2889279737520563e-16,0.0,0.04201273473588831
Masaga B/Masaga  II,0.7226277372262774,0.7152777777777778,0.08333333333333333,0.025868195965982894,0.5446659134327559,0.6608876524127733,0.4837785850793062,3.273933196501265e-14,0.5874951547761768,0.032684625165817556,0.011433880091679359,0.2411189755062841,0.5585935029026106,0.0,0.3077242334316789,0.26687029821104896,0.3554743033778292,0.44777656103014263,0.7925925925925932,0.31983965596055847,0.0004703719939637855,3.5111445458331536e-17,1.2689419678327652e-14,0.0360228240973846
Mashegu,0.7262773722627737,0.71875,0.625,0.7581366566183859,0.6725803113823812,0.6992791182634102,0.50406999458031,1.789675569423039e-14,0.37967884694890813,0.4166355136107968,0.634984842061039,0.8511498838078438,0.003951627892102303,0.2514396982961379,0.07859447975381866,0.32351310798244426,0.166090685768899,0.6765005242380551,1.0,0.5907612461067433,0.4670947255430563,1.0,1.0,0.032669959101352716
Masuga,0.7299270072992701,0.7222222222222222,0.4166666666666667,0.24492684361444012,0.568548652375157,0.6127717058813783,0.4542544332743384,1.2520893414348048e-14,0.1950401221991371,0.628406701801223,0.40128420851788693,0.9136525169387858,0.0066585050394895795,0.6321556993710675,0.1324399841553306,0.2252875459018361,0.06391540664569387,0.8603596711826574,1.0,0.38591193142759167,0.1422231444396901,1.0,1.0,0.05689045551851326
Mayaki Ndejiya,0.7335766423357665,0.7256944444444444,0.08333333333333333,0.04503958042300811,0.5596286007552329,0.7151255596519941,0.5097698805196988,1.5755863863911804e-14,0.5874951547761768,0.032684625165817556,0.010818519044821152,0.27967580597323194,0.6014282827234975,0.0,0.24993859808209912,0.2676651221706018,0.37362402622474805,0.0,0.8803418803418803,0.3433488190165251,0.0011274142912104856,5.083810032163354e-17,1.8788904236688036e-12,0.11201598175428766
Mazakuka,0.7372262773722628,0.7291666666666666,0.625,0.3617258534911649,0.5054826805417142,0.5729046918474004,0.48785974814041005,2.0037542769158596e-14,0.3300332828789055,0.5570226343735641,0.8678203524410887,0.7827435003725599,0.007751164590936577,0.6143782371489716,0.09400093303697034,0.13465353854848633,0.11087003560389191,0.6733082543221534,1.0,0.5031158524848882,0.21079501329536462,1.0,1.0,0.03838122786290293
Minna C,0.7408759124087592,0.7326388888888888,0.20833333333333334,0.10385878489326765,0.4551144543458362,0.4716270555019852,0.4295657948608341,1.0265203744615001e-14,0.4429092726804336,0.23489246137140535,0.003661404858312264,0.48008047600319526,0.5227200110148724,0.07872379058746759,0.2824791722084445,0.32866826262599846,0.1532097018548213,0.7899899872603613,0.2222222222222224,0.10132448148542943,0.00041551447026564497,3.9068564765077523e-17,1.1798242116672231e-15,0.02466153685497895
Minna S,0.7445255474452555,0.7361111111111112,0.20833333333333334,0.8121155307207804,0.5251369476171657,0.5914262518880308,0.3926163713764152,4.0244234427959776e-14,0.4429092726804336,0.23489246137140535,0.007908014723658796,0.7436244565192814,0.25275301730316724,0.10587078285712352,0.25967875038916094,0.31550364044055734,0.16894226350198932,0.7899899872603613,0.74910394265233,0.2574999645994926,0.005206683248589737,1.1231905172190665e-17,3.2095127941496324e-12,0.014445741483308296
Mokwa Central,0.7481751824817519,0.7395833333333334,0.6666666666666666,0.4234431291816778,0.5638673501302613,0.634000505202795,0.4105088272142219,3.0515003036728293e-14,1.0,0.2241878060853314,0.732821005455022,0.4661322926127492,0.12228600749351362,0.3281725770908848,0.07961136077400724,0.16238043684217818,0.24550719958652403,0.1117185234365711,1.0,0.17593532477124788,0.025934123362287797,3.0774306441665725e-17,3.89522406153533e-11,0.04086227375998425
Moregi,0.7518248175182481,0.7430555555555556,0.6666666666666666,0.055516751219273096,0.7118374509516244,0.765032357046868,0.6895740305617957,5.701484474399344e-14,0.679354485695108,0.08702125650025017,0.35765623710698047,0.3833773041090816,0.0033574845080888444,0.30109181964636744,0.17021709595719783,0.5436957066853014,0.9569442597402642,0.0,1.0,0.37544102712170097,0.020276126632212708,1.0,1.0,0.037070458163602577
Muwo/Gbajibo,0.7554744525547445,0.7465277777777778,0.6666666666666666,0.5265850550204642,0.5212161481108846,0.5278953801873892,0.6208217640980821,1.5542379658929014e-14,0.7201380317197738,0.33790511112132837,0.8883166417413783,0.5018289481710205,0.005521232079480599,0.3905559357851709,0.1989892904441157,0.26089249085883437,0.2554455045005425,0.1117185234365711,1.0,0.45453074338220273,0.24933387726476752,1.0,1.0,0.029623577463209403
Muye,0.7591240875912408,0.75,0.4583333333333333,0.07845624096267431,0.7073127049667048,0.7358102314965993,0.5949831892768742,5.0888372912373944e-14,0.929641865915316,0.0,0.6068789363091817,0.27403547977483117,0.004203882214947816,0.21097623076623792,0.08492053230116331,0.5549762371054293,0.8110400323281919,0.41902043857817867,1.0,0.28415053361908427,0.06644052101733798,1.0,1.0,0.03391813311946326
Nasarafu,0.7627737226277372,0.7534722222222222,0.08333333333333333,0.1404614856750729,0.6371917603422442,0.7256619789014924,0.5074091501126593,1.6279837654980723e-14,0.5874951547761768,0.032684625165817556,0.020523037880621143,0.2411189755062841,0.2992305520846109,0.1222840550517912,0.15051752355635173,0.408452975053463,0.3364533937268449,0.0,0.3450292397660826,0.2730848260854907,0.0007503771702283892,2.3801753445334687e-17,1.1072354531974796e-13,0.04487218258512467
Nasarawa,0.7664233576642335,0.7569444444444444,0.125,0.22445653505869667,0.3275939850308657,0.32462168611997394,0.23645052140424247,5.823285198258417e-14,0.41995223711432106,0.6977901997793796,0.818270930554188,0.20502224263308072,0.005963380610359594,0.8388064288585787,0.3243235703312427,0.19862263871764443,0.265531171911327,0.7522888889918636,1.0,0.583827376360693,0.07123064660318944,1.0,1.0,0.020338544195323865
Nasarawa A,0.7700729927007299,0.7604166666666666,0.20833333333333334,0.07922824302134647,0.4135734598637236,0.4001532847562164,0.46944272705994355,2.1588840724528487e-15,0.447473946778564,0.20598595028637867,0.00958846827979367,0.4111980968035402,0.6353878288355677,0.10978265463024905,0.2423574433664219,0.44770995220934295,0.11597744963569047,0.7899899872603613,0.8856209150326797,0.19960148971862754,0.00042926185214086645,5.323946185028511e-17,3.2638518653236235e-13,0.038385769458445136
Nasarawa B,0.7737226277372263,0.7638888888888888,0.20833333333333334,0.03980099502487562,0.34972279307114956,0.3549282247340739,0.46944272705994355,2.8600149314533835e-15,0.447473946778564,0.20598595028637867,0.00958846827979367,0.4111980968035402,0.9341133787447147,0.08244581627589823,0.28081970800542244,0.23953630297614006,0.12515001956814903,0.7899899872603613,0.849462365591398,0.17862202217735235,0.0,2.0122232487604687e-16,1.4972804012466478e-14,0.023979415817199076
Nasarawa C,0.7773722627737226,0.7673611111111112,0.20833333333333334,0.14651496213513712,0.32373319626705394,0.32521283798326794,0.48109828052309955,1.087141395865771e-15,0.45203862087669394,0.17707943920134925,0.014974881668426377,0.532985684983918,0.6756332959838083,0.06032025074924114,0.19837868240883683,0.42971997997328454,0.09523482859716889,0.7899899872603613,0.5087719298245609,0.2715423228119391,0.0010555176620480693,3.691004336097641e-17,1.0872394885136438e-12,0.04990440496401234
Nasko,0.781021897810219,0.7708333333333334,0.5416666666666666,0.18208832683871284,0.5801350388375103,0.6034171877625113,0.2987701280375536,1.9623276111745245e-14,0.13686893243993709,0.6757905514644114,0.4583454760100316,0.684464047600537,0.005827993820656026,0.6867157550270984,0.13022368467224824,0.10268849824644083,0.12983745749641487,0.9204446778674544,1.0,0.5002532853318843,0.12732769714448186,1.0,1.0,0.02509116867069231
Nassarawa,0.7846715328467153,0.7743055555555556,0.5416666666666666,0.21855623361027376,0.4708445953086539,0.45489753416425477,0.7379107711618632,5.222940163585888e-14,0.521240549184293,0.5280111767386513,0.8492770100089886,0.3260591285236231,0.008634723004354038,0.5157051641655885,0.3780893293783514,0.31005362791116003,0.28547652135315615,0.5887721621008404,0.9646464646464642,0.3947977919147588,0.07090195134620135,1.0,1.0,0.03484143882680136
New Bwari,0.7883211678832117,0.7777777777777778,0.9583333333333334,0.036326985760850916,0.7399038085141492,0.7908472173560198,0.983717904866352,7.341978695067768e-14,0.7930324673181405,0.17625297554977476,0.04194278650192903,0.7210498393768604,0.047508076897655606,0.2106505560238225,0.11693568915631333,0.4302805632114795,0.005506185307352133,0.8690172097893636,1.0,0.46956858813842933,0.005364511094697818,1.0,1.0,0.023996183634480823
Ngwamatse,0.791970802919708,0.78125,0.4166666666666667,0.12383280641129328,0.6324694595517224,0.6836182464083096,0.5965454248885186,1.8533385506306268e-14,0.2199464449063016,0.5783073276175779,0.39796752030757815,0.9370007183865403,0.03834818126455642,0.49348933844338755,0.10613510142325712,0.37413409593287184,0.06540099835092424,0.8603596711826574,1.0,0.46428874198872777,0.08286411549792976,2.0473124679880215e-14,6.46780836019203e-08,0.02855731236125532
Nuwan Kuta,0.7956204379562044,0.7847222222222222,0.2916666666666667,0.25215057716344386,0.6438411692000002,0.6389337430907344,0.3752230780122151,7.233118278083495e-15,0.5149014662819659,0.25992247385649153,0.5026187374717769,0.73300665306608,0.0030181884599083148,0.3711032034340597,0.10610512416794739,0.27705229925797015,0.40113681428485465,0.44777656103014263,1.0,0.40030718640333257,0.04247587696497789,1.6695276900520896e-15,2.720736982884684e-09,0.03976197882064065
Paiko,0.7992700729927007,0.7881944444444444,0.75,0.2547913143641399,0.63211566182242,0.5888372028563198,0.5620805819144854,2.2197830248611233e-14,0.5049879478636429,0.23491870183736654,0.10262833687804335,0.9069744800098227,0.029878986707011546,0.25867725109990375,0.109257404229913,0.36322413392282904,0.09758943269401876,0.7899899872603613,1.0,0.349106697592161,0.01098253407629469,4.786109270289485e-17,2.3252787755695823e-11,0.0340320611570945
Papiri,0.8029197080291971,0.7916666666666666,0.041666666666666664,0.09768889542435605,0.4472830690787898,0.4368455859853385,0.10228986654113695,1.885648534798953e-14,0.3197900563163294,0.7537338395157753,0.7506096700887471,0.2829717767964781,0.00457318553184508,0.8385610691202373,0.11694938696104805,0.10045353872291155,0.23058379652298877,0.7522888889918636,1.0,0.6958298451589697,0.06404356705882173,1.0,1.0,0.048765579505567584
Pina/Kolu,0.8065693430656934,0.7951388888888888,0.875,0.14086586770580595,0.6635601525385957,0.6931505473652187,0.5014927132437259,1.8459201223094862e-14,0.5202146667189094,0.15362364793548985,0.37924920867581136,0.7353170297809929,0.004421781402263788,0.2319262519390779,0.10428477995804782,0.38634980093958043,0.08254068477552132,0.8618825635802422,1.0,0.3966120461613375,0.053550147211171926,1.0,1.0,0.0447233472512956
Raba Ndayako,0.8102189781021898,0.7986111111111112,0.6666666666666666,0.14087812170673725,0.662638022264752,0.7218918366513057,0.5662454766380784,1.9045975457141664e-14,1.0,0.2241878060853314,0.48818184841730516,0.5420115616979201,0.008506556968636184,0.347119809903844,0.06535441058551164,0.18523462893490386,0.27053063619935874,0.3600292272269334,1.0,0.36138087583972084,0.09276127865493032,3.055359807904104e-17,1.4062387763081754e-10,0.07760832887853171
Rafi,0.8138686131386861,0.8020833333333334,0.125,0.49741440580349483,0.6025100779457306,0.6209250120916068,0.6921917623982433,3.925567392911399e-14,0.5675923742598952,0.4829492905483834,0.5845940716588015,0.5322321099816417,0.007676885494308643,0.3726815510860162,0.23737578244695132,0.2403100021049364,0.2935287875407368,0.4364303518648009,1.0,0.6186764954134757,0.1825081866296944,5.493679113488827e-17,4.4690221636149506e-10,0.06655803752899571
Rafin Gora,0.8175182481751825,0.8055555555555556,0.4166666666666667,0.09550155625811828,0.4265754166892135,0.487948349300324,0.5326466598760261,1.591906111212851e-14,0.2942866946296214,0.5647494064214426,0.19470982735459688,0.8571049759176529,0.0025465877746011895,0.9265343743699819,0.10501955894811145,0.03968985118995593,0.06856137182326869,0.809102008863062,1.0,0.3160279206905905,0.024059119284585182,1.0,1.0,0.02245779764399303
Rijau,0.8211678832116789,0.8090277777777778,0.8333333333333334,0.34146998995171923,0.49691889383198,0.5106917007819165,0.04229419807490373,2.2509126334458447e-15,0.10772318786575906,0.7213443832213707,0.15107778769714833,0.6519002571403872,0.014252334119305004,0.705890851586853,0.12883596220377516,0.1548755749670779,0.05996430099109302,0.7343216218105394,1.0,0.3905438758700355,0.020450680716005858,1.9128056183107526e-16,1.5621533960569916e-10,0.018985343626998063
Rofia,0.8248175182481752,0.8125,0.041666666666666664,0.04282160625444208,0.38794731514509034,0.31998059779100063,0.07765175159410916,7.922868086911905e-14,0.3988130512281838,0.6737834276411492,0.2858011006221646,0.23649260805324968,0.00487518343633986,0.8217424052410308,0.1523438241821184,0.04521754753887837,0.28629482316555427,0.9805296890036042,1.0,0.6122824943805335,0.010260013215645571,1.0,1.0,0.04886263812143378
Rokota,0.8284671532846716,0.8159722222222222,0.25,0.025904957968776805,0.7102263900469642,0.7986347365772837,0.6599931150293858,1.4576340105605503e-14,0.7008701623650361,0.1849898638830387,0.672889839484236,0.4353472639466587,0.008597234497442341,0.16902883113150735,0.020039198113548293,0.37820913275296153,0.3505688709487984,0.4667840203535796,1.0,0.2757491390083241,0.028623447652508387,1.0,1.0,0.045416988807055976
NISMNA09_Sabon Gari,0.8321167883211679,0.8194444444444444,0.20833333333333334,0.2200573487243585,0.4970237230061333,0.5485719457080072,0.46944272705994355,1.321916317663008e-15,0.447473946778564,0.20598595028637867,0.00958846827979367,0.4111980968035402,0.5704010143059989,0.026436891236639073,0.21497777445126953,0.426492755376718,0.1122471554786193,0.7899899872603613,0.818518518518518,0.3332171035612019,0.0009075289660483717,2.2821990624485573e-17,2.714012125327956e-13,0.040565932578098984
NISWSH09_Sabon Gari,0.8357664233576643,0.8298611111111112,1.0,0.13493493125505476,0.5737595414324653,0.5632106565790995,0.37632610662205823,5.514770099586175e-14,0.4319932634586795,0.27085013864682866,0.6728883657747309,0.6427549272433013,0.007890779858857043,0.6109076439928116,0.17420063759058144,0.25205827104559725,0.4103475746269954,0.6358286153110255,0.818518518518518,0.3332171035612019,0.026690582231365136,1.0,1.0,0.027667110055124823
NISKAG09_Sabon Gari,0.8394160583941606,0.8402777777777778,0.7916666666666666,0.2912347131338382,0.7388024029488441,0.7914499606278926,0.5000797325447818,3.50445920183301e-14,0.2923552290880101,0.32113973515199795,0.45606782035115223,0.760772211746891,0.02210239880847303,0.1471979633105306,0.09960691931405184,0.5318860071831413,0.10390642869562838,0.8788279025203395,0.818518518518518,0.3332171035612019,0.056987750933475155,6.428076194087163e-16,1.4166133501332308e-09,0.01087650303402387
Sabon Gari Wuse,0.843065693430657,0.8506944444444444,0.8333333333333334,0.15395926770090435,0.47219562309317387,0.5159693402421914,0.01695190048648584,8.157053262877721e-15,0.07126594545966299,0.7612047995626957,0.40989231452158087,0.7203094996948355,0.0037875458887415684,0.7925946160077384,0.12191411902624749,0.06986890656510553,0.07344413437557815,0.7751147855901499,1.0,0.5450837551490068,0.04234269371627806,1.0,1.0,0.021253954909786477
Sahonrami/Saho-Rami,0.8467153284671532,0.8541666666666666,0.625,0.6868551332009901,0.7326413949819994,0.7540119596525818,0.5867930278366074,2.5754412013107774e-14,0.43519677825339614,0.4204923337755126,0.7811872133230171,0.9734123531039174,0.00974138163085527,0.24383635129666387,0.071836987166855,0.4438150931054598,0.1407206931186938,0.7578443465434663,1.0,0.5526332285095552,0.24826081258256957,1.0,1.0,0.01887460356159512
Sakpe,0.8503649635036497,0.8576388888888888,0.25,0.034727838639315736,0.7296297428311427,0.7319689592003521,0.6558471134941328,2.9827228987926266e-15,0.6217101599295934,0.23101596277146488,0.5517020665959994,0.516605782230037,0.006254509274645757,0.1499197839762507,0.04971415422854104,0.3137322232486327,0.20221701152864302,0.4667840203535796,1.0,0.5145419531702013,0.029969540174352872,1.0,1.0,0.003665597986763597
Salka/Auna East Central,0.8540145985401459,0.8611111111111112,0.5416666666666666,0.3881209714971938,0.5105587387698576,0.5236582248142522,0.42625933668410554,3.687592760147592e-14,0.1486248056651965,0.6510557078507354,0.3319989824205897,0.652858111902408,0.00778911296954914,0.771859890706365,0.12729321678197766,0.11820203482157315,0.11138849421074845,0.7846509233265462,1.0,0.49678095712200027,0.10284291803414876,5.741957823417004e-17,2.6125431741411674e-10,0.052744654671380745
Sarki Power,0.8576642335766423,0.8645833333333334,0.7083333333333334,0.1389174815577286,0.8259814131490538,0.8693123098935093,0.8403706636461812,8.93854738107265e-15,0.502403750245413,0.12583876171647126,0.45273085261313817,0.8125920927493543,0.01110251869584254,0.11624517059213935,0.023778517824744855,0.6471583533375898,0.013662448925738438,1.0,1.0,0.5146227355791246,0.02739291107770284,1.0,1.0,0.09388172543228794
Shagunnu,0.8613138686131386,0.8680555555555556,0.125,0.3512241746930373,0.6747196521625041,0.7223278392313264,0.2823214185992291,3.105304239699581e-14,0.8337469538750581,0.5538282960048599,0.6380253108793604,0.36799237482434205,0.007218216581715259,0.5600224657363048,0.15953391189560284,0.1486292849347271,0.22153752632912868,0.7042938190610429,1.0,0.5800343178379517,0.18666388626590666,9.088798062562967e-17,7.126086509652751e-10,0.015296093235080811
Shako,0.864963503649635,0.8715277777777778,0.3333333333333333,0.0934673921035218,0.7725564585821135,0.7698840527054862,0.9585570772700788,4.409739465506461e-14,0.6787752683150061,0.18539325649121496,0.3715687436233646,0.7986379419105101,0.009984204620473048,0.06418263450364235,0.08284911016940126,0.5406319778250237,0.01205046501590539,0.8690172097893636,1.0,0.5162289400818288,0.030395628155854695,1.0,1.0,0.045355240852469364
Shambo,0.8686131386861314,0.875,0.8333333333333334,0.19335588069504694,0.46814897076130246,0.5114811835184275,0.15964269752071922,1.2573374588365607e-14,0.14353883695152517,0.688148134053637,0.42774605731257537,0.7635802972198912,0.005672967545951642,0.8788318835327383,0.14519201225150108,0.1279245135387393,0.0921123773345421,0.7343216218105394,1.0,0.46352302482961755,0.045063393547102495,1.0,1.0,0.09925024685059929
Shatta,0.8722627737226277,0.8784722222222222,0.16666666666666666,0.09088179790701664,0.5830828091150809,0.5731179421197572,0.44772993745037415,1.328351959119326e-14,0.45203862087669394,0.17707943920134925,0.18759978124530605,0.6601302067335274,0.013178906009710821,0.49622630572467546,0.12725911599063114,0.3560724390473239,0.09363378137051981,0.8618825635802422,0.688888888888889,0.4954362782806671,0.03391359509702114,6.878461361909534e-17,1.0041692247176745e-10,0.04961015127755933
She/Gunu,0.8759124087591241,0.8819444444444444,0.875,0.4467747469548808,0.6833906773324365,0.674433760021889,0.6883528695374478,3.418193510846632e-14,0.5755231892683008,0.16817200698178592,0.31787545685486535,0.8732116447510274,0.007470712608541441,0.08257343283565102,0.08743526294610275,0.45617573253969823,0.07467663376299634,0.8642607789832827,1.0,0.420037736368411,0.10536401985788456,1.0,1.0,0.045684641951835726
Sidisaba,0.8795620437956204,0.8854166666666666,0.375,0.0867093105899076,0.6351442380439779,0.6355191726371786,0.3794533554602799,2.7036177569411222e-14,0.5646450515441808,0.04866290201100219,0.3060849613925717,0.41742915055134644,0.006328036796282321,0.39379442838648704,0.09335355207382562,0.3481242699266272,0.5574855124931523,0.0,1.0,0.2629975238197178,0.02318509778745892,1.0,1.0,0.0661100023371733
Sojmajiko,0.8832116788321168,0.8888888888888888,0.2916666666666667,0.17788520451927553,0.6403126831405056,0.6214250602983016,0.40067973804874923,1.8050641068340482e-14,0.5191587097484205,0.21313878583978144,0.5759443676729427,0.6926680838775123,0.004132450152191129,0.3962450097370541,0.08661446812988292,0.25933476803842,0.4266673268014992,0.44777656103014263,1.0,0.4582225294217346,0.06655379146389526,1.0,1.0,0.05874626392488648
Suteku,0.8868613138686131,0.8923611111111112,0.041666666666666664,0.0487586697056589,0.39896545394925914,0.24573143887797003,0.2866192616389228,5.821233502828525e-14,0.4925659755067249,0.6457820862916247,0.4377136197649692,0.26670366967990033,0.0032003482625097713,0.5147099140539855,0.1740513918460933,0.16761862258310126,0.28598481132627,0.9805296890036042,1.0,0.6514116269900708,0.02448713555911726,1.0,1.0,0.06308730025479914
T/Bube,0.8905109489051095,0.8958333333333334,0.125,0.2702252285371174,0.5688750779706028,0.5779303708447222,0.054087062528023075,2.7417754105090856e-14,0.03135345140861662,1.0,0.7872250869297897,0.556268557144653,0.0045764558525563425,0.8053064356307192,0.07776689636235083,0.0,0.14857294560950354,0.632958258333045,1.0,0.5459349991851283,0.07956004426525166,1.0,1.0,0.09611357033807942
T/Wada N,0.8941605839416058,0.8993055555555556,0.20833333333333334,0.304585447148494,0.49524033966764486,0.5536971862773167,0.48729453270341483,3.8073331445466895e-15,0.4429092726804336,0.23489246137140535,0.0,0.6270633608265205,0.43229104438740074,0.07753191635572868,0.21491347816238757,0.37389264622353696,0.12749641626460703,0.7899899872603613,0.16666666666666646,0.24526647346670194,0.002723329172499968,1.8215860436417022e-17,2.0062468937411505e-12,0.5637393850883028
T/Wada S,0.8978102189781022,0.9027777777777778,0.20833333333333334,0.5588866014753817,0.5481302402713745,0.6108301395039456,0.4630768544462945,1.4374482407267053e-14,0.4429092726804336,0.23489246137140535,0.00674965952313748,0.6993227131842847,0.6245986922773197,0.03845833944020143,0.2713079914328891,0.3160989237239358,0.14681989679826266,0.7899899872603613,0.26797385620915,0.23570325186244595,0.003388632462903301,6.0571465041082315e-18,1.0819830540728095e-12,0.24249272681532844
Tagagi,0.9014598540145985,0.90625,0.0,0.07239663750214445,0.7631231680103229,0.752604563982707,0.47017044304448874,1.7797986334221193e-14,0.6026461299518088,0.11501603581904095,0.6723731572774352,0.5475137484890961,0.004847723327584941,0.294277650760054,0.06690179409818693,0.3869478151226814,0.32273057211734885,0.4600628469598658,1.0,0.37397538418130605,0.13586797794130542,1.0,1.0,1.0
Takuti/Shaku,0.9051094890510949,0.9097222222222222,0.4583333333333333,0.3049408131755018,0.6338580207973117,0.6392717042612016,0.4782822837008276,1.6236015839882497e-14,0.5962636061737036,0.24241917188014325,0.33571698496530517,0.7412069783785615,0.007319527500327098,0.2722945290136256,0.14796736137478725,0.3618267618993457,0.146441035645486,0.6250264148844372,1.0,0.3600639649214629,0.09703646503139457,1.0,1.0,0.6824719195405509
Tegina Central,0.9087591240875912,0.9131944444444444,0.7916666666666666,0.428124157537436,0.6391912479156197,0.6854958335783335,0.42920473654425007,2.912949976392512e-14,0.29269607598855174,0.3716523335044538,0.48653137980314065,0.7899018285412789,0.007774939994456341,0.26988499957853246,0.11954781793535875,0.3598090968366382,0.1358323710007491,0.823880669591909,1.0,0.5167542356013473,0.08862050659618131,9.089009144071168e-17,3.3805346370076004e-10,0.10464422425126951
Tegina West,0.9124087591240876,0.9166666666666666,0.7916666666666666,0.3381675367007328,0.5558305958186076,0.5803852164638658,0.41227962521142597,3.9340589741284e-14,0.29287875200230284,0.383170336037614,0.7228797129873435,0.8416627736277856,0.0010982461816481353,0.4245126607791083,0.13949870246923643,0.20448204541640694,0.1498822502142583,0.90964009151572,1.0,0.5749361771128342,0.0752185858066592,1.0,1.0,0.5439713913735744
Tufa,0.916058394160584,0.9201388888888888,0.3333333333333333,0.06769110114452369,0.6505688358463131,0.6692085514309577,0.6155374938720992,3.257667256147533e-14,0.6151371631452083,0.22414844921487928,0.27446373532430585,0.44121549048832676,0.008469145533831343,0.27176933737472164,0.12865210821040757,0.30537408735056437,0.13794794420153975,0.7899899872603613,1.0,0.1897765493446457,0.010027973796551416,1.0,1.0,0.2937509526417525
Tukunji,0.9197080291970803,0.9236111111111112,1.0,0.2509067960689165,0.7100923877399363,0.7118434149322385,0.49186683832451056,1.892157750362172e-14,0.4191669527428824,0.3774277321908931,0.7734203757979831,0.8238553684076539,0.0031807270699393837,0.22253507912275472,0.07496884117595735,0.31622367885803243,0.24991231347507856,0.659460375932865,1.0,0.4633958687958219,0.14190217537282568,1.0,1.0,0.00834337495269426
Tunga Bunu,0.9233576642335767,0.9270833333333334,0.8333333333333334,0.16660539666201016,0.49398450000128485,0.5213462007907117,0.07494738627690892,1.3019522149717722e-14,0.1265165459288606,0.7130207190569148,0.3713072432461679,0.7141555560737111,0.005313483605706175,0.7169062888508827,0.12073629412340815,0.10862073481070564,0.09284355440421212,0.7751147855901499,1.0,0.5543523572110675,0.04660466304405729,1.0,1.0,0.21529859101876309
Tunga Magajiya,0.927007299270073,0.9305555555555556,0.8333333333333334,0.1896306644119305,0.4964935165624336,0.5203491369948362,0.056251233640972405,2.9513715087271597e-15,0.07190753946435995,0.7545406247321251,0.15693886714243643,0.7035517491642468,0.008219242885841185,0.7907136575831092,0.13832166181894792,0.11621884957020057,0.06265184826937827,0.7343216218105394,1.0,0.4678138155095223,0.015571311974232178,1.0,1.0,0.12846163462965224
Tunga Wawa,0.9306569343065694,0.9340277777777778,0.4166666666666667,0.14729309119427494,0.47001889906562677,0.5148859248274614,0.4759503697416469,1.943963881628985e-14,0.27014672054507805,0.597443870804871,0.3398984107337232,0.8589148391284204,0.005137569814447889,0.8179643525088561,0.12127989469809068,0.08783531671581635,0.08346172805305274,0.809102008863062,1.0,0.416277281050082,0.05851962049529215,1.0,1.0,0.03588417231698454
Tungajika/Auna South,0.9343065693430657,0.9375,0.5416666666666666,0.23234198465799083,0.6136965726046569,0.6897895892731939,0.5454948925250539,2.717949730149903e-14,0.4167375835633163,0.5429662132369802,0.938431412686134,0.5584874828261412,0.006060478294446565,0.45189555204725174,0.10635869856795258,0.12051622567447033,0.17620681073924735,0.5887721621008404,1.0,0.4444628687551915,0.03749336007052804,1.0,1.0,0.07197037392336447
Tungamallam/Nikuchi,0.9379562043795621,0.9409722222222222,0.75,0.4663627674435703,0.6269183991768813,0.6130035379066315,0.5386744999913435,1.6988588519870078e-14,0.5235095191783182,0.279127883910096,0.5066757811541343,0.8280250017691649,0.00850816377572466,0.1562226441922031,0.11607689712657127,0.4153287727092628,0.12965702966988094,0.7899899872603613,1.0,0.341852288420506,0.08820298776470151,1.0,1.0,0.4819096579124204
Tutungu Jedina,0.9416058394160584,0.9444444444444444,0.75,0.40179030953606354,0.6293440483384456,0.6043524913891634,0.45140860061876237,3.533781800565042e-14,0.4429092726804336,0.23489246137140535,0.29286317251547067,0.8864888187008614,0.012102329041143391,0.1883377027885928,0.09737292624174497,0.44107159307038246,0.1588738601103998,0.7899899872603613,1.0,0.35629701458478497,0.08379864787251724,1.720786842297542e-16,5.788920897098767e-10,0.1032584582329504
Ubandoma,0.9452554744525548,0.9479166666666666,0.875,0.295780947479352,0.576575518795374,0.5891464130990002,0.4661694066888388,1.4382498354119234e-14,0.543951417278316,0.13549394384670485,0.20993671916299594,0.8148709375938021,0.0066519185450414475,0.4222503038864774,0.13951168699450167,0.27146626736723384,0.08702487730695894,0.9337751399001232,1.0,0.38319569612268495,0.02998933437175209,1.0573332902659818e-15,1.221501210447994e-09,0.1677351987346515
Umaru Majagi A/Umaru Majigi  I,0.948905109489051,0.9513888888888888,0.08333333333333333,0.020837928583682573,0.6234757433948634,0.7334075526565461,0.4837785850793062,2.337729174872486e-14,0.5874951547761768,0.032684625165817556,0.020523037880621143,0.2411189755062841,0.4900159469628005,0.00165912674352971,0.25570421346549604,0.3564896647323449,0.414423403202942,0.0,0.7777777777777776,0.22220256064769636,0.000364160646238945,4.447489811869048e-17,7.224521798986031e-15,0.41454203270289264
Umaru Majagi B/Umaru Majigi  II,0.9525547445255474,0.9548611111111112,0.08333333333333333,0.13389334117589394,0.643000073711244,0.6819041111564128,0.5149162978007341,8.89387539702153e-15,0.5874951547761768,0.032684625165817556,0.03747690688568998,0.6293438006154148,0.17368392655077486,0.12844819169007904,0.13454611567261318,0.40049095469191576,0.31051809240600264,0.0,0.15151515151515238,0.24716569279708592,0.0022654454139360964,2.1231038497791847e-17,1.7975126971631589e-12,0.6157664039243288
Usalle,0.9562043795620438,0.9583333333333334,0.4166666666666667,0.20314682743915888,0.6462469979840154,0.6839297223866794,0.5401018844510583,4.2165913214077206e-14,0.2647421817590753,0.524626616048423,0.43781617658452243,0.9807571130602922,0.004696063103977714,0.5817444959284205,0.1283754906251577,0.210213085145956,0.10844239688927558,0.8140282276222265,1.0,0.5453727733317334,0.07017559921923605,1.0,1.0,0.16282796310485934
Wadata,0.9598540145985401,0.9618055555555556,0.08333333333333333,0.1329375291032522,0.5817039166993623,0.6122525880915516,0.5025625226909378,7.477545002341538e-15,0.5874951547761768,0.032684625165817556,0.003959398368048271,0.29481048303699103,0.2739611061393166,0.14779457404994126,0.15239567534115464,0.2727872211817087,0.2695364590544525,0.22388828051507131,0.688888888888889,0.2542300910659742,0.02932240284014582,1.0,1.0,0.0730809297109866
Wamba,0.9635036496350365,0.9652777777777778,0.5833333333333334,0.6634316104208023,0.6002003592943596,0.6636394456460708,0.4573828042781743,1.2247634798929863e-14,0.13352729665662283,0.5695704392843138,0.6807557718642074,0.8925483388920922,0.013997614464636434,0.5702887500224528,0.12326383718389008,0.34567422121721325,0.03949702240093601,0.9278795900854181,1.0,0.4883843000766715,0.16116935696674606,1.0,1.0,0.03527219739422245
Wambai,0.9671532846715328,0.96875,0.9166666666666666,0.06383721785162856,0.6171798377068398,0.6729771104997483,0.8264224383553719,1.0,0.7930324673181405,0.17625297554977476,0.0087477120653548,0.44434740405709094,0.2587373745751917,0.07347291491196532,0.23853340308780713,0.37399497274249344,0.04162929590874699,0.8690172097893636,1.0,0.4296223911997616,0.0008439720182731949,1.4520010819251e-16,4.713213025284286e-12,0.4664507670829086
Warari,0.9708029197080292,0.9722222222222222,0.8333333333333334,0.3117234026909786,0.503318009594475,0.5455657771160786,0.2266069376845992,2.57352512356554e-14,0.17533338406727952,0.6787815587640771,0.5598645097859971,0.9188737941393058,0.0037252579680549457,0.873833906605902,0.14723717256877134,0.16070028455710827,0.10460932229965318,0.7973406487222747,1.0,0.48586133834068035,0.07490518742670145,1.0,1.0,0.02232644145027069
Wawa,0.9744525547445255,0.9756944444444444,0.125,0.5301509692914737,0.6348392128076263,0.6603543256605902,0.6349447182261462,3.020303356057739e-14,0.48747332258116655,0.5814163978716206,0.7255137946104208,0.5600104554045785,0.00926093826273147,0.41277080225030044,0.15224588132961164,0.18941453817723958,0.17021730478354155,0.5446676280075436,1.0,0.34241498092839884,0.29661342805488866,2.1757195620979536e-16,2.5630181001666735e-09,0.034914231483579264
Wuse East,0.9781021897810219,0.9791666666666666,0.9583333333333334,0.11148690047300444,0.5362528708102332,0.6855184106880612,0.9356304890627408,4.659892096662843e-14,0.7930324673181405,0.17625297554977476,0.018454344219189813,0.6456513508894003,0.4125081211226549,0.018922602949829535,0.2204105172106716,0.30491281195937453,0.012203287586197967,0.8690172097893636,1.0,0.47381593424390744,0.002652071164094951,5.945346014558197e-17,6.291183357880215e-12,0.15590326941757163
Wuse West,0.9817518248175182,0.9826388888888888,0.9583333333333334,0.3148481729284611,0.5933768919398648,0.7172837822726422,0.9356304890627408,7.256175993224016e-14,0.7930324673181405,0.17625297554977476,0.018454344219189813,0.6456513508894003,0.23759830137173998,0.13125291360268124,0.2158967197162595,0.33650476731255863,0.006683080461767289,0.8690172097893636,1.0,0.3325659791165593,0.0015217160702695493,4.8677255343575035e-15,3.0491215301735614e-10,0.03546206697741485
Yamma,0.9854014598540146,0.9861111111111112,0.4166666666666667,0.3407715118986349,0.5158419224469504,0.5405275804674541,0.4581809591083959,4.175654798072765e-14,0.1950401221991371,0.628406701801223,0.31528883288223086,0.8828316971755825,0.07577288905691312,0.6535172782685934,0.1412592536322768,0.15790070417482654,0.08005616171417981,0.8603596711826574,0.6543209876543215,0.3383458914008579,0.01300464249898803,5.777091742233717e-17,3.2618862754513773e-11,0.020795406362076503
Yangalu/Ibelu East,0.9890510948905109,0.9895833333333334,0.5416666666666666,0.4730473249515967,0.5318135424064472,0.5615705593129755,0.3295867743845851,1.8125945972723486e-14,0.2969733693531988,0.6318699685753763,0.38323645861123673,0.7701803903012118,0.00476166927154331,0.7131377622380943,0.13501960726303672,0.14333676309868051,0.08718636205919625,0.8603596711826574,1.0,0.5103956449577733,0.11941009992207272,8.96795000642473e-16,4.1211838761982534e-09,0.01578837538461734
Zuma East,0.9927007299270073,0.9930555555555556,0.9583333333333334,0.3852780432811313,0.5214239252679929,0.5473302731324349,0.9067143418897872,5.191641792928144e-14,0.7930324673181405,0.17625297554977476,0.007356803552111806,0.43942273668162257,0.2257300188559958,0.05909127631244425,0.16316263425385652,0.4196615829715446,0.01206819900315613,0.8690172097893636,1.0,0.4155308646160034,0.001639781498219876,5.0134618685698876e-17,3.0082571810801034e-12,0.012062839947856919
Zuma West,0.9963503649635036,0.9965277777777778,0.9583333333333334,0.16781854275420924,0.3989648245384381,0.4276458560374935,0.8252594845715062,2.279468524902536e-14,0.7930324673181405,0.17625297554977476,0.05779698505312974,0.5254013118109959,0.2335569465474659,0.13049288725833097,0.16640982129476667,0.4933109151328071,0.014753216582302836,0.8690172097893636,1.0,0.3237321889192231,0.005693722775012486,8.683538825559657e-17,2.033755362788687e-11,0.024757894664271373
Zungeru,1.0,1.0,1.0,0.33069872313310295,0.6611347079648867,0.6350376959824693,0.3519203018904003,4.907453323584452e-14,0.41358976323440877,0.2873334774631957,0.2769962683801813,0.8917104538576635,0.00663451524868524,0.3081651733626024,0.11996096821186833,0.346574736868929,0.31581179892791394,0.6358286153110255,1.0,0.3368984404783286,0.08448248415989527,9.089230946740577e-17,3.222514812613158e-10,0.009792282874482194
